Workbook

Sheet PC
A1: 관리자명 | B1: 관리번호 | C1: PC구분 | D1: 장비상태 | E1: 관리유형 | F1: 모델명 | G1: 제조회사 | H1: 관리실 | I1: IP | J1: 기타 | K1: 불용처분 시기 | L1: 구입일자 | M1: 구입금액 | N1: 구매구분 | O1: 일련번호 | P1: 운영체제 | Q1: CPU | R1: 주메모리 | S1: HDD | T1: 체크업
A2: 민별 | B2: =LEFT(L2,6)&"-"&TEXT(O2,"0000") | C2: 노트북 | D2: 활용중 | E2: 교원용 | F2: NT750XGK-KG76P | G2: 삼성 | H2: - | I2: =IFERROR(VLOOKUP(#REF!2,'교직원용 IP'!$C$2:$H$230,6,FALSE),"") -> 10.51.90.132 | L2: 202512 | M2: 1520000 | N2: 자체구매 | O2: 957 | P2: Windows 11 Pro | Q2: Intel Core i7 150U(1.8GHz) | R2: 16GB | S2: 512GB
A3: 김용천 | B3: =LEFT(L3,6)&"-"&TEXT(O3,"0000") | C3: 노트북 | D3: 활용중 | E3: 교원용 | F3: NT750XGK-KG76P | G3: 삼성 | H3: 정보교육부 | I3: 10.51.90.99 | L3: 202512 | M3: 1520000 | N3: 자체구매 | O3: 956 | P3: Windows 11 Pro | Q3: Intel Core i7 150U(1.8GHz) | R3: 16GB | S3: 512GB
A4: 김강일 | B4: =LEFT(L4,6)&"-"&TEXT(O4,"0000") | C4: 노트북 | D4: 활용중 | E4: 교원용 | F4: NT750XGK-KG71G | G4: 삼성 | H4: =IFERROR(VLOOKUP(#REF!4,'정보화기기 명부'!A$2:B$187,2,FALSE),"") -> 체육보건부 | I4: =IFERROR(VLOOKUP(#REF!4,'교직원용 IP'!$C$2:$H$230,6,FALSE),"") -> 10.51.90.118 | L4: 202504 | M4: 1420000 | N4: 자체구매 | O4: 955 | P4: Windows 11 Home | Q4: Intel Core i7 150U(1.8GHz) | R4: 16GB | S4: 512GB
A5: 황서희 | B5: =LEFT(L5,6)&"-"&TEXT(O5,"0000") | C5: 노트북 | D5: 활용중 | E5: 교원용 | F5: NT750XGK-KG71G | G5: 삼성 | H5: =IFERROR(VLOOKUP(#REF!5,'정보화기기 명부'!A$2:B$187,2,FALSE),"") | I5: =IFERROR(VLOOKUP(#REF!5,'교직원용 IP'!$C$2:$H$230,6,FALSE),"") | L5: 202504 | M5: 1420000 | N5: 자체구매 | O5: 954 | P5: Windows 11 Home | Q5: Intel Core i7 150U(1.8GHz) | R5: 16GB | S5: 512GB
A6: 김현우 | B6: =LEFT(L6,6)&"-"&TEXT(O6,"0000") | C6: 노트북 | D6: 활용중 | E6: 교원용 | F6: NT750XGK-KG71G | G6: 삼성 | H6: =IFERROR(VLOOKUP(#REF!6,'정보화기기 명부'!A$2:B$187,2,FALSE),"") -> 체육보건부 | I6: =IFERROR(VLOOKUP(#REF!6,'교직원용 IP'!$C$2:$H$230,6,FALSE),"") -> 10.51.90.199 | L6: 202504 | M6: 1420000 | N6: 자체구매 | O6: =O7+1 -> 953 | P6: Windows 11 Home | Q6: Intel Core i7 150U(1.8GHz) | R6: 16GB | S6: 512GB
A7: 권예란 | B7: =LEFT(L7,6)&"-"&TEXT(O7,"0000") | C7: 노트북 | D7: 활용중 | E7: 교원용 | F7: NT750XGK-KG71G | G7: 삼성 | H7: =IFERROR(VLOOKUP(#REF!7,'정보화기기 명부'!A$2:B$187,2,FALSE),"") -> 2학년부 | I7: =IFERROR(VLOOKUP(#REF!7,'교직원용 IP'!$C$2:$H$230,6,FALSE),"") -> 10.51.90.146 | L7: 202504 | M7: 1420000 | N7: 자체구매 | O7: =O8+1 -> 952 | P7: Windows 11 Home | Q7: Intel Core i7 150U(1.8GHz) | R7: 16GB | S7: 512GB
A8: 박채은 | B8: =LEFT(L8,6)&"-"&TEXT(O8,"0000") | C8: 노트북 | D8: 활용중 | E8: 교원용 | F8: NT750XGK-KG71G | G8: 삼성 | H8: =IFERROR(VLOOKUP(#REF!8,'정보화기기 명부'!A$2:B$187,2,FALSE),"") -> 1학년부 | I8: =IFERROR(VLOOKUP(#REF!8,'교직원용 IP'!$C$2:$H$230,6,FALSE),"") -> 10.51.90.125 | L8: 202504 | M8: 1420000 | N8: 자체구매 | O8: =O9+1 -> 951 | P8: Windows 11 Home | Q8: Intel Core i7 150U(1.8GHz) | R8: 16GB | S8: 512GB
A9: 고민숙 | B9: =LEFT(L9,6)&"-"&TEXT(O9,"0000") | C9: 노트북 | D9: 활용중 | E9: 교원용 | F9: NT750XGK-KG71G | G9: 삼성 | H9: =IFERROR(VLOOKUP(#REF!9,'정보화기기 명부'!A$2:B$187,2,FALSE),"") -> 1학년부 | I9: =IFERROR(VLOOKUP(#REF!9,'교직원용 IP'!$C$2:$H$230,6,FALSE),"") -> 10.51.90.116 | L9: 202504 | M9: 1420000 | N9: 자체구매 | O9: =O10+1 -> 950 | P9: Windows 11 Home | Q9: Intel Core i7 150U(1.8GHz) | R9: 16GB | S9: 512GB
A10: 박수진 | B10: =LEFT(L10,6)&"-"&TEXT(O10,"0000") | C10: 노트북 | D10: 활용중 | E10: 교원용 | F10: NT750XGK-KG71G | G10: 삼성 | H10: =IFERROR(VLOOKUP(#REF!10,'정보화기기 명부'!A$2:B$187,2,FALSE),"") -> - | I10: =IFERROR(VLOOKUP(#REF!10,'교직원용 IP'!$C$2:$H$230,6,FALSE),"") -> 10.51.90.165 | L10: 202504 | M10: 1420000 | N10: 자체구매 | O10: =O11+1 -> 949 | P10: Windows 11 Home | Q10: Intel Core i7 150U(1.8GHz) | R10: 16GB | S10: 512GB
A11: 김혜란 | B11: =LEFT(L11,6)&"-"&TEXT(O11,"0000") | C11: 노트북 | D11: 활용중 | E11: 교원용 | F11: NT750XGK-KG71G | G11: 삼성 | H11: =IFERROR(VLOOKUP(#REF!11,'정보화기기 명부'!A$2:B$187,2,FALSE),"") | I11: =IFERROR(VLOOKUP(#REF!11,'교직원용 IP'!$C$2:$H$230,6,FALSE),"") | L11: 202504 | M11: 1420000 | N11: 자체구매 | O11: =O12+1 -> 948 | P11: Windows 11 Home | Q11: Intel Core i7 150U(1.8GHz) | R11: 16GB | S11: 512GB
A12: 손승태 | B12: =LEFT(L12,6)&"-"&TEXT(O12,"0000") | C12: 노트북 | D12: 활용중 | E12: 교원용 | F12: NT750XGK-KG71G | G12: 삼성 | H12: =IFERROR(VLOOKUP(#REF!12,'정보화기기 명부'!A$2:B$187,2,FALSE),"") | I12: =IFERROR(VLOOKUP(#REF!12,'교직원용 IP'!$C$2:$H$230,6,FALSE),"") -> 10.51.90.95 | L12: 202504 | M12: 1420000 | N12: 자체구매 | O12: =O13+1 -> 947 | P12: Windows 11 Home | Q12: Intel Core i7 150U(1.8GHz) | R12: 16GB | S12: 512GB
A13: 윤은옥 | B13: =LEFT(L13,6)&"-"&TEXT(O13,"0000") | C13: 노트북 | D13: 활용중 | E13: 교원용 | F13: NT750XGK-KG71G | G13: 삼성 | H13: =IFERROR(VLOOKUP(#REF!13,'정보화기기 명부'!A$2:B$187,2,FALSE),"") -> 수리과학부 | I13: =IFERROR(VLOOKUP(#REF!13,'교직원용 IP'!$C$2:$H$230,6,FALSE),"") -> 10.51.90.154 | L13: 202503 | M13: 1310000 | N13: 자체구매 | O13: =O14+1 -> 946 | P13: Windows 11 Home | Q13: Intel Core i7 150U(1.8GHz) | R13: 16GB | S13: 512GB
A14: 허담언 | B14: =LEFT(L14,6)&"-"&TEXT(O14,"0000") | C14: 노트북 | D14: 활용중 | E14: 교원용 | F14: NT750XGK-KG71G | G14: 삼성 | H14: =IFERROR(VLOOKUP(#REF!14,'정보화기기 명부'!A$2:B$187,2,FALSE),"") -> 인문사회부 | I14: =IFERROR(VLOOKUP(#REF!14,'교직원용 IP'!$C$2:$H$230,6,FALSE),"") -> 10.51.90.141 | L14: 202503 | M14: 1310000 | N14: 자체구매 | O14: =O15+1 -> 945 | P14: Windows 11 Home | Q14: Intel Core i7 150U(1.8GHz) | R14: 16GB | S14: 512GB
A15: 이현실 | B15: =LEFT(L15,6)&"-"&TEXT(O15,"0000") | C15: 노트북 | D15: 활용중 | E15: 교원용 | F15: NT750XGK-KG51G | G15: 삼성 | H15: =IFERROR(VLOOKUP(#REF!15,'정보화기기 명부'!A$2:B$187,2,FALSE),"") -> 교무기획부 | I15: =IFERROR(VLOOKUP(#REF!15,'교직원용 IP'!$C$2:$H$230,6,FALSE),"") -> 10.51.90.122 | L15: 202409 | M15: 1300000 | N15: 자체구매 | O15: =O16+1 -> 944 | P15: Windows 11 Home | Q15: Intel Core i5 120U | R15: 16GB | S15: 512GB
A16: 유영복 | B16: =LEFT(L16,6)&"-"&TEXT(O16,"0000") | C16: 노트북 | D16: 활용중 | E16: 교원용 | F16: NT750XGK-KG51G | G16: 삼성 | H16: =IFERROR(VLOOKUP(#REF!16,'정보화기기 명부'!A$2:B$187,2,FALSE),"") -> 3학년부 | I16: =IFERROR(VLOOKUP(#REF!16,'교직원용 IP'!$C$2:$H$230,6,FALSE),"") -> 10.51.90.82 | L16: 202409 | M16: 1300000 | N16: 자체구매 | O16: =O17+1 -> 943 | P16: Windows 11 Home | Q16: Intel Core i5 120U | R16: 16GB | S16: 512GB
A17: 나정훈 | B17: =LEFT(L17,6)&"-"&TEXT(O17,"0000") | C17: 노트북 | D17: 활용중 | E17: 교원용 | F17: NT750XGK-KG51G | G17: 삼성 | H17: =IFERROR(VLOOKUP(#REF!17,'정보화기기 명부'!A$2:B$187,2,FALSE),"") -> 1학년부 | I17: =IFERROR(VLOOKUP(#REF!17,'교직원용 IP'!$C$2:$H$230,6,FALSE),"") -> 10.51.90.91 | L17: 202409 | M17: 1300000 | N17: 자체구매 | O17: =O18+1 -> 942 | P17: Windows 11 Home | Q17: Intel Core i5 120U | R17: 16GB | S17: 512GB
A18: 김혜원 | B18: =LEFT(L18,6)&"-"&TEXT(O18,"0000") | C18: 노트북 | D18: 활용중 | E18: 교원용 | F18: NT750XGK-KG51G | G18: 삼성 | H18: =IFERROR(VLOOKUP(#REF!18,'정보화기기 명부'!A$2:B$187,2,FALSE),"") | I18: =IFERROR(VLOOKUP(#REF!18,'교직원용 IP'!$C$2:$H$230,6,FALSE),"") | L18: 202409 | M18: 1300000 | N18: 자체구매 | O18: =O19+1 -> 941 | P18: Windows 11 Home | Q18: Intel Core i5 120U | R18: 16GB | S18: 512GB
A19: 최용주 | B19: =LEFT(L19,6)&"-"&TEXT(O19,"0000") | C19: 노트북 | D19: 활용중 | E19: 교원용 | F19: NT750XGK-KG51G | G19: 삼성 | H19: =IFERROR(VLOOKUP(#REF!19,'정보화기기 명부'!A$2:B$187,2,FALSE),"") -> 2학년부 | I19: =IFERROR(VLOOKUP(#REF!19,'교직원용 IP'!$C$2:$H$230,6,FALSE),"") -> 10.51.90.145 | L19: 202409 | M19: 1300000 | N19: 자체구매 | O19: =O20+1 -> 940 | P19: Windows 11 Home | Q19: Intel Core i5 120U | R19: 16GB | S19: 512GB
A20: 조지인 | B20: =LEFT(L20,6)&"-"&TEXT(O20,"0000") | C20: 노트북 | D20: 활용중 | E20: 교원용 | F20: NT750XGK-KG51G | G20: 삼성 | H20: =IFERROR(VLOOKUP(#REF!20,'정보화기기 명부'!A$2:B$187,2,FALSE),"") | I20: =IFERROR(VLOOKUP(#REF!20,'교직원용 IP'!$C$2:$H$230,6,FALSE),"") | L20: 202409 | M20: 1300000 | N20: 자체구매 | O20: =O21+1 -> 939 | P20: Windows 11 Home | Q20: Intel Core i5 120U | R20: 16GB | S20: 512GB
A21: 박필승 | B21: =LEFT(L21,6)&"-"&TEXT(O21,"0000") | C21: 노트북 | D21: 활용중 | E21: 교원용 | F21: NT750XGK-KG51G | G21: 삼성 | H21: =IFERROR(VLOOKUP(#REF!21,'정보화기기 명부'!A$2:B$187,2,FALSE),"") -> 2학년부 | I21: =IFERROR(VLOOKUP(#REF!21,'교직원용 IP'!$C$2:$H$230,6,FALSE),"") -> 10.51.90.112 | L21: 202409 | M21: 1300000 | N21: 자체구매 | O21: =O22+1 -> 938 | P21: Windows 11 Home | Q21: Intel Core i5 120U | R21: 16GB | S21: 512GB
A22: 김용천 | B22: =LEFT(L22,6)&"-"&TEXT(O22,"0000") | C22: 노트북 | D22: 활용중 | E22: 교원용 | F22: NT750XGK-KG51G | G22: 삼성 | H22: =IFERROR(VLOOKUP(#REF!22,'정보화기기 명부'!A$2:B$187,2,FALSE),"") -> 학생인권안전부 | I22: =IFERROR(VLOOKUP(#REF!22,'교직원용 IP'!$C$2:$H$230,6,FALSE),"") -> 10.51.90.99 | L22: 202409 | M22: 1300000 | N22: 자체구매 | O22: =O23+1 -> 937 | P22: Windows 11 Home | Q22: Intel Core i5 120U | R22: 16GB | S22: 512GB
A23: 윤서현 | B23: =LEFT(L23,6)&"-"&TEXT(O23,"0000") | C23: 노트북 | D23: 활용중 | E23: 교원용 | F23: NT750XGK-KG51G | G23: 삼성 | H23: =IFERROR(VLOOKUP(#REF!23,'정보화기기 명부'!A$2:B$187,2,FALSE),"") | I23: =IFERROR(VLOOKUP(#REF!23,'교직원용 IP'!$C$2:$H$230,6,FALSE),"") | L23: 202409 | M23: 1300000 | N23: 자체구매 | O23: =O24+1 -> 936 | P23: Windows 11 Home | Q23: Intel Core i5 120U | R23: 16GB | S23: 512GB
A24: 이준호 | B24: =LEFT(L24,6)&"-"&TEXT(O24,"0000") | C24: 노트북 | D24: 활용중 | E24: 교원용 | F24: NT750XGK-KG51G | G24: 삼성 | H24: =IFERROR(VLOOKUP(#REF!24,'정보화기기 명부'!A$2:B$187,2,FALSE),"") -> 정보교육부 | I24: =IFERROR(VLOOKUP(#REF!24,'교직원용 IP'!$C$2:$H$230,6,FALSE),"") -> 10.51.90.104 | L24: 202409 | M24: 1300000 | N24: 자체구매 | O24: =O25+1 -> 935 | P24: Windows 11 Home | Q24: Intel Core i5 120U | R24: 16GB | S24: 512GB
A25: 최용순 | B25: =LEFT(L25,6)&"-"&TEXT(O25,"0000") | C25: 노트북 | D25: 활용중 | E25: 교원용 | F25: NT550XDA-KG11G | G25: 삼성 | H25: =IFERROR(VLOOKUP(#REF!25,'정보화기기 명부'!A$2:B$187,2,FALSE),"") -> 교무기획부 | I25: =IFERROR(VLOOKUP(#REF!25,'교직원용 IP'!$C$2:$H$230,6,FALSE),"") -> 10.51.90.89 | L25: 202402 | M25: 1360000 | N25: 자체구매 | O25: =O26+1 -> 934 | P25: Windows 11 Pro | Q25: Intel® Core™ i5-1135G7 Processor | R25: 16GB | S25: 512GB
A26: 원영주 | B26: =LEFT(L26,6)&"-"&TEXT(O26,"0000") | C26: 노트북 | D26: 활용중 | E26: 교원용 | F26: NT550XDA-KG11G | G26: 삼성 | H26: =IFERROR(VLOOKUP(#REF!26,'정보화기기 명부'!A$2:B$187,2,FALSE),"") -> 1학년부 | I26: =IFERROR(VLOOKUP(#REF!26,'교직원용 IP'!$C$2:$H$230,6,FALSE),"") -> 10.51.90.140 | L26: 202402 | M26: 1360000 | N26: 자체구매 | O26: =O27+1 -> 933 | P26: Windows 11 Pro | Q26: Intel® Core™ i5-1135G7 Processor | R26: 16GB | S26: 512GB
A27: 황은선 | B27: =LEFT(L27,6)&"-"&TEXT(O27,"0000") | C27: 노트북 | D27: 활용중 | E27: 교원용 | F27: NT550XDA-KG11G | G27: 삼성 | H27: =IFERROR(VLOOKUP(#REF!27,'정보화기기 명부'!A$2:B$187,2,FALSE),"") -> 1학년부 | I27: =IFERROR(VLOOKUP(#REF!27,'교직원용 IP'!$C$2:$H$230,6,FALSE),"") -> 10.51.90.120 | L27: 202402 | M27: 1360000 | N27: 자체구매 | O27: =O28+1 -> 932 | P27: Windows 11 Pro | Q27: Intel® Core™ i5-1135G7 Processor | R27: 16GB | S27: 512GB
A28: 김주영 | B28: =LEFT(L28,6)&"-"&TEXT(O28,"0000") | C28: 노트북 | D28: 활용중 | E28: 교원용 | F28: NT550XDA-KG11G | G28: 삼성 | H28: =IFERROR(VLOOKUP(#REF!28,'정보화기기 명부'!A$2:B$187,2,FALSE),"") -> 3학년부 | I28: =IFERROR(VLOOKUP(#REF!28,'교직원용 IP'!$C$2:$H$230,6,FALSE),"") -> 10.51.90.143 | L28: 202402 | M28: 1360000 | N28: 자체구매 | O28: =O29+1 -> 931 | P28: Windows 11 Pro | Q28: Intel® Core™ i5-1135G7 Processor | R28: 16GB | S28: 512GB
A29: 강민정 | B29: =LEFT(L29,6)&"-"&TEXT(O29,"0000") | C29: 노트북 | D29: 활용중 | E29: 교원용 | F29: NT550XDA-KG11G | G29: 삼성 | H29: =IFERROR(VLOOKUP(#REF!29,'정보화기기 명부'!A$2:B$187,2,FALSE),"") -> 2학년부 | I29: =IFERROR(VLOOKUP(#REF!29,'교직원용 IP'!$C$2:$H$230,6,FALSE),"") -> 10.51.90.103 | L29: 202402 | M29: 1360000 | N29: 자체구매 | O29: =O30+1 -> 930 | P29: Windows 11 Pro | Q29: Intel® Core™ i5-1135G7 Processor | R29: 16GB | S29: 512GB
A30: 유미라 | B30: =LEFT(L30,6)&"-"&TEXT(O30,"0000") | C30: 노트북 | D30: 활용중 | E30: 교원용 | F30: NT550XDA-KG11G | G30: 삼성 | H30: =IFERROR(VLOOKUP(#REF!30,'정보화기기 명부'!A$2:B$187,2,FALSE),"") -> 진로진학상담부 | I30: =IFERROR(VLOOKUP(#REF!30,'교직원용 IP'!$C$2:$H$230,6,FALSE),"") -> 10.51.90.92 | L30: 202402 | M30: 1360000 | N30: 자체구매 | O30: =O31+1 -> 929 | P30: Windows 11 Pro | Q30: Intel® Core™ i5-1135G7 Processor | R30: 16GB | S30: 512GB
A31: 김대승 | B31: =LEFT(L31,6)&"-"&TEXT(O31,"0000") | C31: 노트북 | D31: 활용중 | E31: 교원용 | F31: NT550XDA-KG11G | G31: 삼성 | H31: =IFERROR(VLOOKUP(#REF!31,'정보화기기 명부'!A$2:B$187,2,FALSE),"") | I31: =IFERROR(VLOOKUP(#REF!31,'교직원용 IP'!$C$2:$H$230,6,FALSE),"") | L31: 202402 | M31: 1360000 | N31: 자체구매 | O31: =O32+1 -> 928 | P31: Windows 11 Pro | Q31: Intel® Core™ i5-1135G7 Processor | R31: 16GB | S31: 512GB
A32: 한혜숙 | B32: =LEFT(L32,6)&"-"&TEXT(O32,"0000") | C32: 노트북 | D32: 활용중 | E32: 교원용 | F32: NT550XDA-KG11G | G32: 삼성 | H32: =IFERROR(VLOOKUP(#REF!32,'정보화기기 명부'!A$2:B$187,2,FALSE),"") -> 2학년부 | I32: =IFERROR(VLOOKUP(#REF!32,'교직원용 IP'!$C$2:$H$230,6,FALSE),"") -> 10.51.90.96 | L32: 202402 | M32: 1360000 | N32: 자체구매 | O32: =O33+1 -> 927 | P32: Windows 11 Pro | Q32: Intel® Core™ i5-1135G7 Processor | R32: 16GB | S32: 512GB
A33: 김채은 | B33: =LEFT(L33,6)&"-"&TEXT(O33,"0000") | C33: 노트북 | D33: 활용중 | E33: 교원용 | F33: NT550XDA-KG11G | G33: 삼성 | H33: =IFERROR(VLOOKUP(#REF!33,'정보화기기 명부'!A$2:B$187,2,FALSE),"") -> 2학년부 | I33: =IFERROR(VLOOKUP(#REF!33,'교직원용 IP'!$C$2:$H$230,6,FALSE),"") -> 10.51.90.163 | L33: 202402 | M33: 1360000 | N33: 자체구매 | O33: =O34+1 -> 926 | P33: Windows 11 Pro | Q33: Intel® Core™ i5-1135G7 Processor | R33: 16GB | S33: 512GB
A34: 여지현 | B34: =LEFT(L34,6)&"-"&TEXT(O34,"0000") | C34: 노트북 | D34: 활용중 | E34: 교원용 | F34: NT550XDA-KG11G | G34: 삼성 | H34: =IFERROR(VLOOKUP(#REF!34,'정보화기기 명부'!A$2:B$187,2,FALSE),"") | I34: =IFERROR(VLOOKUP(#REF!34,'교직원용 IP'!$C$2:$H$230,6,FALSE),"") | L34: 202402 | M34: 1360000 | N34: 자체구매 | O34: =O35+1 -> 925 | P34: Windows 11 Pro | Q34: Intel® Core™ i5-1135G7 Processor | R34: 16GB | S34: 512GB
A35: 정형은 | B35: =LEFT(L35,6)&"-"&TEXT(O35,"0000") | C35: 노트북 | D35: 활용중 | E35: 교원용 | F35: NT550XDA-KG11G | G35: 삼성 | H35: =IFERROR(VLOOKUP(#REF!35,'정보화기기 명부'!A$2:B$187,2,FALSE),"") -> 3학년부 | I35: =IFERROR(VLOOKUP(#REF!35,'교직원용 IP'!$C$2:$H$230,6,FALSE),"") -> 10.51.90.114 | L35: 202402 | M35: 1360000 | N35: 자체구매 | O35: =O36+1 -> 924 | P35: Windows 11 Pro | Q35: Intel® Core™ i5-1135G7 Processor | R35: 16GB | S35: 512GB
A36: 김세연 | B36: =LEFT(L36,6)&"-"&TEXT(O36,"0000") | C36: 노트북 | D36: 활용중 | E36: 교원용 | F36: NT550XDA-KG11G | G36: 삼성 | H36: =IFERROR(VLOOKUP(#REF!36,'정보화기기 명부'!A$2:B$187,2,FALSE),"") -> 3학년부 | I36: =IFERROR(VLOOKUP(#REF!36,'교직원용 IP'!$C$2:$H$230,6,FALSE),"") -> 10.51.90.94 | L36: 202402 | M36: 1360000 | N36: 자체구매 | O36: =O37+1 -> 923 | P36: Windows 11 Pro | Q36: Intel® Core™ i5-1135G7 Processor | R36: 16GB | S36: 512GB
A37: 전혜림 | B37: =LEFT(L37,6)&"-"&TEXT(O37,"0000") | C37: 노트북 | D37: 활용중 | E37: 교원용 | F37: NT550XDA-KG11G | G37: 삼성 | H37: =IFERROR(VLOOKUP(#REF!37,'정보화기기 명부'!A$2:B$187,2,FALSE),"") -> 3학년부 | I37: =IFERROR(VLOOKUP(#REF!37,'교직원용 IP'!$C$2:$H$230,6,FALSE),"") -> 10.51.90.152 | L37: 202402 | M37: 1360000 | N37: 자체구매 | O37: =O38+1 -> 922 | P37: Windows 11 Pro | Q37: Intel® Core™ i5-1135G7 Processor | R37: 16GB | S37: 512GB
A38: 전부영 | B38: =LEFT(L38,6)&"-"&TEXT(O38,"0000") | C38: 노트북 | D38: 활용중 | E38: 교원용 | F38: NT550XDA-KG11G | G38: 삼성 | H38: =IFERROR(VLOOKUP(#REF!38,'정보화기기 명부'!A$2:B$187,2,FALSE),"") -> 교무기획부 | I38: =IFERROR(VLOOKUP(#REF!38,'교직원용 IP'!$C$2:$H$230,6,FALSE),"") -> 10.51.90.108 | L38: 202402 | M38: 1360000 | N38: 자체구매 | O38: =O40+1 -> 921 | P38: Windows 11 Pro | Q38: Intel® Core™ i5-1135G7 Processor | R38: 16GB | S38: 512GB
A39: 윤샤롬 | B39: =LEFT(L39,6)&"-"&TEXT(O39,"0000") | C39: 노트북 | D39: 활용중 | E39: 교원용 | F39: NT550XED-KG03G | G39: 삼성 | H39: =IFERROR(VLOOKUP(#REF!39,'정보화기기 명부'!A$2:B$187,2,FALSE),"") -> 3학년부 | I39: =IFERROR(VLOOKUP(A39,'교직원용 IP'!$C$2:$H$230,6,FALSE),"") -> 10.51.90.101 | L39: 20230315 | M39: 1028000 | N39: 자체구매 | O39: 921 | P39: WINDOW 11 | Q39: Intel Core i5 1135G7 | R39: 8GB | S39: 512GB
A40: 김두순 | B40: =LEFT(L40,6)&"-"&TEXT(O40,"0000") | C40: 노트북 | D40: 활용중 | E40: 교원용 | F40: NT550XED-KG03G | G40: 삼성 | H40: =IFERROR(VLOOKUP(#REF!40,'정보화기기 명부'!A$2:B$187,2,FALSE),"") -> 수리과학부 | I40: =IFERROR(VLOOKUP(A40,'교직원용 IP'!$C$2:$H$230,6,FALSE),"") -> 10.51.90.84 | L40: 20230315 | M40: 1028000 | N40: 자체구매 | O40: 920 | P40: WINDOW 11 | Q40: Intel Core i5 1135G7 | R40: 8GB | S40: 512GB
A41: 고진아 | B41: =LEFT(L41,6)&"-"&TEXT(O41,"0000") | C41: 노트북 | D41: 활용중 | E41: 교원용 | F41: NT550XED-KG03G | G41: 삼성 | H41: =IFERROR(VLOOKUP(#REF!41,'정보화기기 명부'!A$2:B$187,2,FALSE),"") -> 혁신교육부 | I41: =IFERROR(VLOOKUP(A41,'교직원용 IP'!$C$2:$H$230,6,FALSE),"") -> 10.51.90.83 | L41: 20230315 | M41: 1028000 | N41: 자체구매 | O41: 919 | P41: WINDOW 11 | Q41: Intel Core i5 1135G7 | R41: 8GB | S41: 512GB
A42: 박혜리 | B42: =LEFT(L42,6)&"-"&TEXT(O42,"0000") | C42: 노트북 | D42: 활용중 | E42: 교원용 | F42: NT550XED-KG01G | G42: 삼성 | H42: =IFERROR(VLOOKUP(#REF!42,'정보화기기 명부'!A$2:B$187,2,FALSE),"") -> 특수교육부 | I42: =IFERROR(VLOOKUP(A42,'교직원용 IP'!$C$2:$H$230,6,FALSE),"") -> 10.51.90.164 | L42: 202212 | M42: 1028000 | N42: 자체구매 | O42: 918 | P42: WINDOW 11
A43: 민시연 | B43: =LEFT(L43,6)&"-"&TEXT(O43,"0000") | C43: 노트북 | D43: 활용중 | E43: 교원용 | F43: NT550XED-KG01G | G43: 삼성 | H43: =IFERROR(VLOOKUP(#REF!43,'정보화기기 명부'!A$2:B$187,2,FALSE),"") | I43: =IFERROR(VLOOKUP(A43,'교직원용 IP'!$C$2:$H$230,6,FALSE),"") | L43: 202212 | M43: 1028000 | N43: 자체구매 | O43: 917 | P43: WINDOW 11
A44: 정진희 | B44: =LEFT(L44,6)&"-"&TEXT(O44,"0000") | C44: 노트북 | D44: 활용중 | E44: 교원용 | F44: Latitude3520 | G44: 델 | H44: =IFERROR(VLOOKUP(#REF!44,'정보화기기 명부'!A$2:B$187,2,FALSE),"") -> 교육과정부 | I44: =IFERROR(VLOOKUP(A44,'교직원용 IP'!$C$2:$H$230,6,FALSE),"") -> 10.51.90.109 | L44: 202212 | N44: 자체구매 | O44: 916 | P44: WINDOW 11
A45: 교장선 노트북 | B45: =LEFT(L45,6)&"-"&TEXT(O45,"0000") | C45: 노트북 | D45: 활용중 | E45: 교원용 | F45: NT550XDA-KG03G | G45: 삼성 | H45: =IFERROR(VLOOKUP(#REF!45,'정보화기기 명부'!A$2:B$187,2,FALSE),"") -> 교장실 | I45: =IFERROR(VLOOKUP(#REF!45,'교직원용 IP'!$C$2:$H$230,6,FALSE),"") -> 10.51.90.144 | L45: 20220905 | M45: 1256750 | N45: 자체구매 | O45: 915 | P45: WINDOW 11 | Q45: Intel Core i5 1135G7 | R45: 8GB | S45: 512GB
A46: 정현숙 | B46: =LEFT(L46,6)&"-"&TEXT(O46,"0000") | C46: 노트북 | D46: 활용중 | E46: 교원용 | F46: N5800-G050-OU02 | G46: 삼보 | H46: =IFERROR(VLOOKUP(#REF!46,'정보화기기 명부'!A$2:B$187,2,FALSE),"") -> 1학년부 | I46: =IFERROR(VLOOKUP(#REF!46,'교직원용 IP'!$C$2:$H$230,6,FALSE),"") -> 10.51.90.142 | L46: 202208 | M46: 896800 | N46: 자체구매 | O46: 914 | P46: WINDOW 11 | Q46: Intel Core i5-10210U | R46: 8GB | S46: 256GB SSD + 1GB HDD
A47: 맹수용 | B47: =LEFT(L47,6)&"-"&TEXT(O47,"0000") | C47: 노트북 | D47: 활용중 | E47: 교원용 | F47: N5800-G050-OU02 | G47: 삼보 | H47: =IFERROR(VLOOKUP(#REF!47,'정보화기기 명부'!A$2:B$187,2,FALSE),"") -> 인문사회부 | I47: =IFERROR(VLOOKUP(#REF!47,'교직원용 IP'!$C$2:$H$230,6,FALSE),"") -> 10.51.90.121 | L47: 202208 | M47: 896800 | N47: 자체구매 | O47: 913 | P47: WINDOW 11 | Q47: Intel Core i5-10210U | R47: 8GB | S47: 256GB SSD + 1GB HDD
A48: 송영재 | B48: =LEFT(L48,6)&"-"&TEXT(O48,"0000") | C48: 노트북 | D48: 활용중 | E48: 교원용 | F48: N5800-G050-OU02 | G48: 삼보 | H48: =IFERROR(VLOOKUP(#REF!48,'정보화기기 명부'!A$2:B$187,2,FALSE),"") | I48: =IFERROR(VLOOKUP(#REF!48,'교직원용 IP'!$C$2:$H$230,6,FALSE),"") | L48: 202208 | M48: 896800 | N48: 자체구매 | O48: 912 | P48: WINDOW 11 | Q48: Intel Core i5-10210U | R48: 8GB | S48: 256GB SSD + 1GB HDD
A49: 김태형 | B49: =LEFT(L49,6)&"-"&TEXT(O49,"0000") | C49: 노트북 | D49: 활용중 | E49: 교원용 | F49: N5800-G050-OU02 | G49: 삼보 | H49: =IFERROR(VLOOKUP(#REF!49,'정보화기기 명부'!A$2:B$187,2,FALSE),"") -> 학생인권안전부 | I49: =IFERROR(VLOOKUP(#REF!49,'교직원용 IP'!$C$2:$H$230,6,FALSE),"") -> 10.51.90.136 | L49: 202208 | M49: 896800 | N49: 자체구매 | O49: 911 | P49: WINDOW 11 | Q49: Intel Core i5-10210U | R49: 8GB | S49: 256GB SSD + 1GB HDD
A50: 신진태 | B50: =LEFT(L50,6)&"-"&TEXT(O50,"0000") | C50: 노트북 | D50: 활용중 | E50: 교원용 | F50: N5800-G050-OU02 | G50: 삼보 | H50: =IFERROR(VLOOKUP(#REF!50,'정보화기기 명부'!A$2:B$187,2,FALSE),"") -> 특수교육부 | I50: =IFERROR(VLOOKUP(#REF!50,'교직원용 IP'!$C$2:$H$230,6,FALSE),"") -> 10.51.90.123 | L50: 202208 | M50: 896800 | N50: 자체구매 | O50: 910 | P50: WINDOW 11 | Q50: Intel Core i5-10210U | R50: 8GB | S50: 256GB SSD + 1GB HDD
A51: 김용숙 | B51: =LEFT(L51,6)&"-"&TEXT(O51,"0000") | C51: 노트북 | D51: 활용중 | E51: 교원용 | F51: N5800-G050-OU02 | G51: 삼보 | H51: =IFERROR(VLOOKUP(#REF!51,'정보화기기 명부'!A$2:B$187,2,FALSE),"") -> 수리과학부 | I51: =IFERROR(VLOOKUP(#REF!51,'교직원용 IP'!$C$2:$H$230,6,FALSE),"") -> 10.51.90.126 | L51: 202208 | M51: 896800 | N51: 자체구매 | O51: 909 | P51: WINDOW 11 | Q51: Intel Core i5-10210U | R51: 8GB | S51: 256GB SSD + 1GB HDD
A52: 허정화 | B52: =LEFT(L52,6)&"-"&TEXT(O52,"0000") | C52: 노트북 | D52: 활용중 | E52: 교원용 | F52: N5800-G050-OU02 | G52: 삼보 | H52: =IFERROR(VLOOKUP(#REF!52,'정보화기기 명부'!A$2:B$187,2,FALSE),"") -> 특수교육부 | I52: =IFERROR(VLOOKUP(#REF!52,'교직원용 IP'!$C$2:$H$230,6,FALSE),"") -> 10.51.90.124 | L52: 202208 | M52: 896800 | N52: 자체구매 | O52: 908 | P52: WINDOW 11 | Q52: Intel Core i5-10210U | R52: 8GB | S52: 256GB SSD + 1GB HDD
A53: 정보람 | B53: =LEFT(L53,6)&"-"&TEXT(O53,"0000") | C53: 노트북 | D53: 활용중 | E53: 교원용 | F53: N5800-G050-OU02 | G53: 삼보 | H53: =IFERROR(VLOOKUP(#REF!53,'정보화기기 명부'!A$2:B$187,2,FALSE),"") | I53: =IFERROR(VLOOKUP(#REF!53,'교직원용 IP'!$C$2:$H$230,6,FALSE),"") | L53: 202208 | M53: 896800 | N53: 자체구매 | O53: 907 | P53: WINDOW 11 | Q53: Intel Core i5-10210U | R53: 8GB | S53: 256GB SSD + 1GB HDD
A54: 임우혁 | B54: =LEFT(L54,6)&"-"&TEXT(O54,"0000") | C54: 노트북 | D54: 활용중 | E54: 교원용 | F54: N5800-G050-OU02 | G54: 삼보 | H54: =IFERROR(VLOOKUP(#REF!54,'정보화기기 명부'!A$2:B$187,2,FALSE),"") -> 교육과정부 | I54: =IFERROR(VLOOKUP(#REF!54,'교직원용 IP'!$C$2:$H$230,6,FALSE),"") -> 10.51.90.131 | L54: 202208 | M54: 896800 | N54: 자체구매 | O54: 906 | P54: WINDOW 11 | Q54: Intel Core i5-10210U | R54: 8GB | S54: 256GB SSD + 1GB HDD
A55: 교사 예비용 20 | B55: =LEFT(L55,6)&"-"&TEXT(O55,"0000") | C55: 노트북 | D55: 활용중 | E55: 교원용 | F55: N5800-G050-OU02 | G55: 삼보 | H55: =IFERROR(VLOOKUP(#REF!55,'정보화기기 명부'!A$2:B$187,2,FALSE),"") | I55: =IFERROR(VLOOKUP(#REF!55,'교직원용 IP'!$C$2:$H$230,6,FALSE),"") | L55: 202208 | M55: 896800 | N55: 자체구매 | O55: 905 | P55: WINDOW 11 | Q55: Intel Core i5-10210U | R55: 8GB | S55: 256GB SSD + 1GB HDD
A56: 이수경 | B56: =LEFT(L56,6)&"-"&TEXT(O56,"0000") | C56: 노트북 | D56: 활용중 | E56: 교원용 | F56: NT550XDA-KG01G | G56: 삼성 | H56: =IFERROR(VLOOKUP(#REF!56,'정보화기기 명부'!A$2:B$187,2,FALSE),"") -> 3학년부 | I56: =IFERROR(VLOOKUP(#REF!56,'교직원용 IP'!$C$2:$H$230,6,FALSE),"") -> 10.51.90.133 | L56: 202203 | M56: 1160000 | N56: 자체구매 | O56: 904 | P56: WINDOW 10 | Q56: i5-1135G7(2.40Ghz) | R56: 8GB | S56: 512GB
A57: 한혜원 | B57: =LEFT(L57,6)&"-"&TEXT(O57,"0000") | C57: 노트북 | D57: 활용중 | E57: 교원용 | F57: NT550XDA-KG01G | G57: 삼성 | H57: =IFERROR(VLOOKUP(#REF!57,'정보화기기 명부'!A$2:B$187,2,FALSE),"") | I57: =IFERROR(VLOOKUP(#REF!57,'교직원용 IP'!$C$2:$H$230,6,FALSE),"") | L57: 202203 | M57: 1160000 | N57: 자체구매 | O57: 903 | P57: WINDOW 10 | Q57: i5-1135G7(2.40Ghz) | R57: 8GB | S57: 512GB
B58: =LEFT(L58,6)&"-"&TEXT(O58,"0000")
A59: 급식실 | B59: =LEFT(L59,6)&"-"&TEXT(O59,"0000") | F59: DT281-GA51-012, Intel Core i5 12500(3GHz) | G59: 삼보 | H59: 급식실 | L59: 20231227 | M59: 1036660 | N59: 자체구매
B60: =LEFT(L60,6)&"-"&TEXT(O60,"0000")
A61: 원선일 | B61: =LEFT(L61,6)&"-"&TEXT(O61,"0000") | C61: 데스크톱 | D61: 활용중 | E61: 직원용 | F61: A2TC-4VCIN | G61: 에이텍 | H61: 교육행정실 | I61: =IFERROR(VLOOKUP(#REF!61,'교직원용 IP'!$C$2:$H$230,6,FALSE),"") -> 10.51.90.87 | L61: 202412 | M61: 893000 | N61: 자체구매 | O61: 907 | P61: WINDOW 11
A62: 정다운 | B62: =LEFT(L62,6)&"-"&TEXT(O62,"0000") | C62: 데스크톱 | D62: 활용중 | E62: 직원용 | F62: A2TC-4VCIN | G62: 에이텍 | H62: 교육행정실 | I62: =IFERROR(VLOOKUP(#REF!62,'교직원용 IP'!$C$2:$H$230,6,FALSE),"") -> 10.51.90.86 | L62: 202412 | M62: 893000 | N62: 자체구매 | O62: 906 | P62: WINDOW 11
A63: 우현주 | B63: =LEFT(L63,6)&"-"&TEXT(O63,"0000") | C63: 데스크톱 | D63: 활용중 | E63: 직원용 | F63: A2SC-4VCI | G63: 에이텍 | H63: 교육행정실 | I63: =IFERROR(VLOOKUP(#REF!63,'교직원용 IP'!$C$2:$H$230,6,FALSE),"") -> 10.51.90.71 | L63: 202412 | M63: 880730 | N63: 자체구매 | O63: 905 | P63: WINDOW 11
A64: 임향민 | B64: =LEFT(L64,6)&"-"&TEXT(O64,"0000") | C64: 데스크톱 | D64: 활용중 | E64: 직원용 | F64: DR281-GS51-012 intel core i5 | G64: 삼보 | H64: 교육행정실 | I64: =IFERROR(VLOOKUP(#REF!64,'교직원용 IP'!$C$2:$H$230,6,FALSE),"") -> 10.51.90.74 | L64: 20231219 | M64: 1036660 | N64: 자체구매 | O64: 904
A65: 황경환 | B65: =LEFT(L65,6)&"-"&TEXT(O65,"0000") | C65: 데스크톱 | D65: 활용중 | E65: 직원용 | F65: DG481-GA51-011, Intel Core i5 12500(3GHz) | G65: 삼보 | H65: 2층 교무실 | I65: =IFERROR(VLOOKUP(#REF!65,'교직원용 IP'!$C$2:$H$230,6,FALSE),"") -> 10.51.90.72 | L65: 20230721 | M65: 1028520 | N65: 자체구매 | O65: 903
A66: 황성임 | B66: =LEFT(L66,6)&"-"&TEXT(O66,"0000") | C66: 데스크톱 | D66: 활용중 | E66: 직원용 | F66: DG375-GA31-0BPS | G66: 삼보 | H66: =IFERROR(VLOOKUP(#REF!66,'정보화기기 명부'!A$2:B$187,2,FALSE),"") | I66: =IFERROR(VLOOKUP(#REF!66,'교직원용 IP'!$C$2:$H$230,6,FALSE),"") | L66: 20220117 | M66: 587000 | N66: 자체구매 | O66: 902 | P66: WINDOW 10
A67: 김이조 | B67: =LEFT(L67,6)&"-"&TEXT(O67,"0000") | C67: 데스크톱 | D67: 활용중 | E67: 직원용 | F67: DG375-GA31-0BPS | G67: 삼보 | H67: =IFERROR(VLOOKUP(#REF!67,'정보화기기 명부'!A$2:B$187,2,FALSE),"") -> 교육행정실 | I67: =IFERROR(VLOOKUP(#REF!67,'교직원용 IP'!$C$2:$H$230,6,FALSE),"") -> 10.51.90.75 | L67: 20220117 | M67: 587000 | N67: 자체구매 | O67: 901 | P67: WINDOW 10
A68: 정보과학실 학생용 8 | B68: =LEFT(L68,6)&"-"&TEXT(O68,"0000") | C68: 데스크톱 | D68: 활용중 | E68: 학생용 | F68: DG375-GA31-0BPS | G68: 삼보 | H68: =IFERROR(VLOOKUP(#REF!68,'정보화기기 명부'!A$2:B$187,2,FALSE),"") -> 정보과학실 | I68: =IFERROR(VLOOKUP(#REF!68,'학생용 IP'!$C$11:$H$326,5,FALSE),"") -> 10.54.36.22 | L68: 20220117 | M68: 587000 | N68: 자체구매 | O68: 900 | P68: WINDOW 10
A69: 정보과학실 학생용 7 | B69: =LEFT(L69,6)&"-"&TEXT(O69,"0000") | C69: 데스크톱 | D69: 활용중 | E69: 학생용 | F69: DG375-GA31-0BPS | G69: 삼보 | H69: =IFERROR(VLOOKUP(#REF!69,'정보화기기 명부'!A$2:B$187,2,FALSE),"") -> 정보과학실 | I69: =IFERROR(VLOOKUP(#REF!69,'학생용 IP'!$C$11:$H$326,5,FALSE),"") -> 10.54.36.21 | L69: 20220117 | M69: 587000 | N69: 자체구매 | O69: 899 | P69: WINDOW 10
A70: 정보과학실 학생용 6 | B70: =LEFT(L70,6)&"-"&TEXT(O70,"0000") | C70: 데스크톱 | D70: 활용중 | E70: 학생용 | F70: DG375-GA31-0BPS | G70: 삼보 | H70: =IFERROR(VLOOKUP(#REF!70,'정보화기기 명부'!A$2:B$187,2,FALSE),"") -> 정보과학실 | I70: =IFERROR(VLOOKUP(#REF!70,'학생용 IP'!$C$11:$H$326,5,FALSE),"") -> 10.54.36.20 | L70: 20220117 | M70: 587000 | N70: 자체구매 | O70: 898 | P70: WINDOW 10
A71: 정보과학실 학생용 5 | B71: =LEFT(L71,6)&"-"&TEXT(O71,"0000") | C71: 데스크톱 | D71: 활용중 | E71: 학생용 | F71: DG375-GA31-0BPS | G71: 삼보 | H71: =IFERROR(VLOOKUP(#REF!71,'정보화기기 명부'!A$2:B$187,2,FALSE),"") -> 정보과학실 | I71: =IFERROR(VLOOKUP(#REF!71,'학생용 IP'!$C$11:$H$326,5,FALSE),"") -> 10.54.36.19 | L71: 20220117 | M71: 587000 | N71: 자체구매 | O71: 897 | P71: WINDOW 10
A72: 정보과학실 학생용 4 | B72: =LEFT(L72,6)&"-"&TEXT(O72,"0000") | C72: 데스크톱 | D72: 활용중 | E72: 학생용 | F72: DG375-GA31-0BPS | G72: 삼보 | H72: =IFERROR(VLOOKUP(#REF!72,'정보화기기 명부'!A$2:B$187,2,FALSE),"") -> 정보과학실 | I72: =IFERROR(VLOOKUP(#REF!72,'학생용 IP'!$C$11:$H$326,5,FALSE),"") -> 10.54.36.18 | L72: 20220117 | M72: 587000 | N72: 자체구매 | O72: 896 | P72: WINDOW 10
A73: 체육관방송용 | B73: =LEFT(L73,6)&"-"&TEXT(O73,"0000") | C73: 노트북 | D73: 활용중 | E73: 교원용 | F73: NT550XDA-KG03G | G73: 삼성 | H73: =IFERROR(VLOOKUP(#REF!73,'정보화기기 명부'!A$2:B$187,2,FALSE),"") | I73: =IFERROR(VLOOKUP(#REF!73,'교직원용 IP'!$C$2:$H$230,6,FALSE),"") -> 10.51.90.198 | L73: 20210823 | M73: 855000 | N73: 자체구매 | O73: 894 | P73: WINDOW 10 | R73: 8GB | S73: 500GB
A74: 교사 예비용 12 | B74: =LEFT(L74,6)&"-"&TEXT(O74,"0000") | C74: 노트북 | D74: 활용중 | E74: 교원용 | F74: NT550XDA-KG03G | G74: 삼성 | H74: =IFERROR(VLOOKUP(#REF!74,'정보화기기 명부'!A$2:B$187,2,FALSE),"") | I74: =IFERROR(VLOOKUP(#REF!74,'교직원용 IP'!$C$2:$H$230,6,FALSE),"") | L74: 20210823 | M74: 855000 | N74: 자체구매 | O74: 893 | P74: WINDOW 10 | R74: 8GB | S74: 500GB
A75: 교사 예비용 13 | B75: =LEFT(L75,6)&"-"&TEXT(O75,"0000") | C75: 노트북 | D75: 활용중 | E75: 교원용 | F75: NT550XDA-KG03G | G75: 삼성 | H75: =IFERROR(VLOOKUP(#REF!75,'정보화기기 명부'!A$2:B$187,2,FALSE),"") | I75: =IFERROR(VLOOKUP(#REF!75,'교직원용 IP'!$C$2:$H$230,6,FALSE),"") | L75: 20210823 | M75: 855000 | N75: 자체구매 | O75: 892 | P75: WINDOW 10 | R75: 8GB | S75: 500GB
A76: 교사 예비용 14 | B76: =LEFT(L76,6)&"-"&TEXT(O76,"0000") | C76: 노트북 | D76: 활용중 | E76: 교원용 | F76: NT550XDA-KG03G | G76: 삼성 | H76: =IFERROR(VLOOKUP(#REF!76,'정보화기기 명부'!A$2:B$187,2,FALSE),"") | I76: =IFERROR(VLOOKUP(#REF!76,'교직원용 IP'!$C$2:$H$230,6,FALSE),"") | L76: 20210823 | M76: 855000 | N76: 자체구매 | O76: 891 | P76: WINDOW 10 | R76: 8GB | S76: 500GB
A77: 교사 예비용9 | B77: =LEFT(L77,6)&"-"&TEXT(O77,"0000") | C77: 노트북 | D77: 활용중 | E77: 교원용 | F77: NT550XDA-KG03G | G77: 삼성 | H77: =IFERROR(VLOOKUP(#REF!77,'정보화기기 명부'!A$2:B$187,2,FALSE),"") | I77: =IFERROR(VLOOKUP(#REF!77,'교직원용 IP'!$C$2:$H$230,6,FALSE),"") | L77: 20210823 | M77: 855000 | N77: 자체구매 | O77: 890 | P77: WINDOW 10 | R77: 8GB | S77: 500GB
A78: 교사 예비용 15 | B78: =LEFT(L78,6)&"-"&TEXT(O78,"0000") | C78: 노트북 | D78: 활용중 | E78: 교원용 | F78: NT550XDA-KG03G | G78: 삼성 | H78: =IFERROR(VLOOKUP(#REF!78,'정보화기기 명부'!A$2:B$187,2,FALSE),"") | I78: =IFERROR(VLOOKUP(#REF!78,'교직원용 IP'!$C$2:$H$230,6,FALSE),"") | L78: 20210823 | M78: 855000 | N78: 자체구매 | O78: 889 | P78: WINDOW 10 | R78: 8GB | S78: 500GB
A79: 황경환 교감선생님 | B79: =LEFT(L79,6)&"-"&TEXT(O79,"0000") | C79: 노트북 | D79: 활용중 | E79: 교원용 | F79: NT550XDA-KG03G | G79: 삼성 | H79: =IFERROR(VLOOKUP(#REF!79,'정보화기기 명부'!A$2:B$187,2,FALSE),"") | I79: =IFERROR(VLOOKUP(#REF!79,'교직원용 IP'!$C$2:$H$230,6,FALSE),"") -> 10.51.90.180 | L79: 20210823 | M79: 855000 | N79: 자체구매 | O79: 888 | P79: WINDOW 10 | R79: 8GB | S79: 500GB
A80: 교사 예비용 16 | B80: =LEFT(L80,6)&"-"&TEXT(O80,"0000") | C80: 노트북 | D80: 활용중 | E80: 교원용 | F80: NT550XDA-KG03G | G80: 삼성 | H80: =IFERROR(VLOOKUP(#REF!80,'정보화기기 명부'!A$2:B$187,2,FALSE),"") | I80: =IFERROR(VLOOKUP(#REF!80,'교직원용 IP'!$C$2:$H$230,6,FALSE),"") | L80: 20210823 | M80: 855000 | N80: 자체구매 | O80: 887 | P80: WINDOW 10 | R80: 8GB | S80: 500GB
A81: 교사 예비용 17 | B81: =LEFT(L81,6)&"-"&TEXT(O81,"0000") | C81: 노트북 | D81: 활용중 | E81: 교원용 | F81: NT550XDA-KG03G | G81: 삼성 | H81: =IFERROR(VLOOKUP(#REF!81,'정보화기기 명부'!A$2:B$187,2,FALSE),"") | I81: =IFERROR(VLOOKUP(#REF!81,'교직원용 IP'!$C$2:$H$230,6,FALSE),"") | L81: 20210823 | M81: 855000 | N81: 자체구매 | O81: 886 | P81: WINDOW 10 | R81: 8GB | S81: 500GB
A82: 정은영 | B82: =LEFT(L82,6)&"-"&TEXT(O82,"0000") | C82: 데스크톱 | D82: 활용중 | E82: 직원용 | F82: TD210-GCL23S | G82: 성주컴텍 | H82: =IFERROR(VLOOKUP(#REF!82,'정보화기기 명부'!A$2:B$187,2,FALSE),"") -> 교육행정실 | I82: =IFERROR(VLOOKUP(#REF!82,'교직원용 IP'!$C$2:$H$230,6,FALSE),"") -> 10.51.90.76 | L82: 20210512 | M82: 814370 | N82: 자체구매 | O82: 885 | P82: WINDOW 10 | R82: 8GB | S82: 500GB
A83: 우현주 | B83: =LEFT(L83,6)&"-"&TEXT(O83,"0000") | C83: 데스크톱 | D83: 활용중 | E83: 교원용 | F83: NY-Q95PE00D | G83: 늑대와여우컴퓨터 | H83: =IFERROR(VLOOKUP(#REF!83,'정보화기기 명부'!A$2:B$187,2,FALSE),"") -> 교장실 | I83: =IFERROR(VLOOKUP(#REF!83,'교직원용 IP'!$C$2:$H$230,6,FALSE),"") -> 10.51.90.71 | L83: 20210111 | M83: 684000 | N83: 자체구매 | O83: 884 | P83: WINDOW 10 | R83: 8GB | S83: 500GB
A84: 지구과학실험실 교사용 | B84: =LEFT(L84,6)&"-"&TEXT(O84,"0000") | C84: 데스크톱 | D84: 활용중 | E84: 교원용 | F84: SD100-GCR22S | G84: 성주컴텍 | H84: =IFERROR(VLOOKUP(#REF!84,'정보화기기 명부'!A$2:B$187,2,FALSE),"") -> 지구과학실 | I84: =IFERROR(VLOOKUP(#REF!84,'학생용 IP'!$C$11:$H$326,5,FALSE),"") -> 10.54.36.11 | L84: 20201102 | M84: 758000 | N84: 자체구매 | O84: 883 | P84: WINDOW 10 | Q84: 3GHZ | R84: 8GB | S84: 1GB
A85: 생명과학실험실 교사용 | B85: =LEFT(L85,6)&"-"&TEXT(O85,"0000") | C85: 데스크톱 | D85: 활용중 | E85: 교원용 | F85: SD100-GCR22S | G85: 성주컴텍 | H85: =IFERROR(VLOOKUP(#REF!85,'정보화기기 명부'!A$2:B$187,2,FALSE),"") -> 생명과학실 | I85: =IFERROR(VLOOKUP(#REF!85,'학생용 IP'!$C$11:$H$326,5,FALSE),"") -> 10.54.36.12 | L85: 20201102 | M85: 758000 | N85: 자체구매 | O85: 882 | P85: WINDOW 10 | Q85: 3GHZ | R85: 8GB | S85: 1GB
A86: 화학실험실 교사용 | B86: =LEFT(L86,6)&"-"&TEXT(O86,"0000") | C86: 데스크톱 | D86: 활용중 | E86: 교원용 | F86: SD100-GCR22S | G86: 성주컴텍 | H86: =IFERROR(VLOOKUP(#REF!86,'정보화기기 명부'!A$2:B$187,2,FALSE),"") -> 화학실험실 | I86: =IFERROR(VLOOKUP(#REF!86,'학생용 IP'!$C$11:$H$326,5,FALSE),"") -> 10.54.36.13 | L86: 20201102 | M86: 758000 | N86: 자체구매 | O86: 881 | P86: WINDOW 10 | Q86: 3GHZ | R86: 8GB | S86: 1GB
A87: 물리실험실 교사용 | B87: =LEFT(L87,6)&"-"&TEXT(O87,"0000") | C87: 데스크톱 | D87: 활용중 | E87: 교원용 | F87: SD100-GCR22S | G87: 성주컴텍 | H87: =IFERROR(VLOOKUP(#REF!87,'정보화기기 명부'!A$2:B$187,2,FALSE),"") -> 물리실험실 | I87: =IFERROR(VLOOKUP(#REF!87,'학생용 IP'!$C$11:$H$326,5,FALSE),"") -> 10.54.36.14 | L87: 20201102 | M87: 758000 | N87: 자체구매 | O87: 880 | P87: WINDOW 10 | Q87: 3GHZ | R87: 8GB | S87: 1GB
A88: 관리자 | B88: =LEFT(L88,6)&"-"&TEXT(O88,"0000") | C88: 태블릿PC | D88: 활용중 | E88: 교원용 | F88: SM-P615NZAHKOO(갤럭시탭 S6 L) | G88: 삼성 | H88: =IFERROR(VLOOKUP(#REF!88,'정보화기기 명부'!A$2:B$187,2,FALSE),"") | I88: =IFERROR(VLOOKUP(#REF!88,'학생용 IP'!$C$11:$H$326,5,FALSE),"") | L88: 20201021 | M88: 447000 | N88: 자체구매 | O88: 879 | P88: 기타 | Q88: 2.3GHZ | R88: 4GB | S88: 0.128GB
A89: 관리자 | B89: =LEFT(L89,6)&"-"&TEXT(O89,"0000") | C89: 태블릿PC | D89: 활용중 | E89: 교원용 | F89: SM-P615NZAHKOO(갤럭시탭 S6 L) | G89: 삼성 | H89: =IFERROR(VLOOKUP(#REF!89,'정보화기기 명부'!A$2:B$187,2,FALSE),"") | I89: =IFERROR(VLOOKUP(#REF!89,'학생용 IP'!$C$11:$H$326,5,FALSE),"") | L89: 20201021 | M89: 447000 | N89: 자체구매 | O89: 878 | P89: 기타 | Q89: 2.3GHZ | R89: 4GB | S89: 0.128GB
A90: 관리자 | B90: =LEFT(L90,6)&"-"&TEXT(O90,"0000") | C90: 태블릿PC | D90: 활용중 | E90: 교원용 | F90: SM-P615NZAHKOO(갤럭시탭 S6 L) | G90: 삼성 | H90: =IFERROR(VLOOKUP(#REF!90,'정보화기기 명부'!A$2:B$187,2,FALSE),"") | I90: =IFERROR(VLOOKUP(#REF!90,'학생용 IP'!$C$11:$H$326,5,FALSE),"") | L90: 20201021 | M90: 447000 | N90: 자체구매 | O90: 877 | P90: 기타 | Q90: 2.3GHZ | R90: 4GB | S90: 0.128GB
A91: 관리자 | B91: =LEFT(L91,6)&"-"&TEXT(O91,"0000") | C91: 태블릿PC | D91: 활용중 | E91: 교원용 | F91: SM-P615NZAHKOO(갤럭시탭 S6 L) | G91: 삼성 | H91: =IFERROR(VLOOKUP(#REF!91,'정보화기기 명부'!A$2:B$187,2,FALSE),"") | I91: =IFERROR(VLOOKUP(#REF!91,'학생용 IP'!$C$11:$H$326,5,FALSE),"") | L91: 20201021 | M91: 447000 | N91: 자체구매 | O91: 876 | P91: 기타 | Q91: 2.3GHZ | R91: 4GB | S91: 0.128GB
A92: 관리자 | B92: =LEFT(L92,6)&"-"&TEXT(O92,"0000") | C92: 태블릿PC | D92: 활용중 | E92: 교원용 | F92: SM-P615NZAHKOO(갤럭시탭 S6 L) | G92: 삼성 | H92: =IFERROR(VLOOKUP(#REF!92,'정보화기기 명부'!A$2:B$187,2,FALSE),"") | I92: =IFERROR(VLOOKUP(#REF!92,'학생용 IP'!$C$11:$H$326,5,FALSE),"") | L92: 20201021 | M92: 447000 | N92: 자체구매 | O92: 875 | P92: 기타 | Q92: 2.3GHZ | R92: 4GB | S92: 0.128GB
A93: 관리자 | B93: =LEFT(L93,6)&"-"&TEXT(O93,"0000") | C93: 태블릿PC | D93: 활용중 | E93: 교원용 | F93: SM-P615NZAHKOO(갤럭시탭 S6 L) | G93: 삼성 | H93: =IFERROR(VLOOKUP(#REF!93,'정보화기기 명부'!A$2:B$187,2,FALSE),"") | I93: =IFERROR(VLOOKUP(#REF!93,'학생용 IP'!$C$11:$H$326,5,FALSE),"") | L93: 20201021 | M93: 447000 | N93: 자체구매 | O93: 874 | P93: 기타 | Q93: 2.3GHZ | R93: 4GB | S93: 0.128GB
A94: 관리자 | B94: =LEFT(L94,6)&"-"&TEXT(O94,"0000") | C94: 태블릿PC | D94: 활용중 | E94: 교원용 | F94: SM-P615NZAHKOO(갤럭시탭 S6 L) | G94: 삼성 | H94: =IFERROR(VLOOKUP(#REF!94,'정보화기기 명부'!A$2:B$187,2,FALSE),"") | I94: =IFERROR(VLOOKUP(#REF!94,'학생용 IP'!$C$11:$H$326,5,FALSE),"") | L94: 20201021 | M94: 447000 | N94: 자체구매 | O94: 873 | P94: 기타 | Q94: 2.3GHZ | R94: 4GB | S94: 0.128GB
A95: 관리자 | B95: =LEFT(L95,6)&"-"&TEXT(O95,"0000") | C95: 태블릿PC | D95: 활용중 | E95: 교원용 | F95: SM-P615NZAHKOO(갤럭시탭 S6 L) | G95: 삼성 | H95: =IFERROR(VLOOKUP(#REF!95,'정보화기기 명부'!A$2:B$187,2,FALSE),"") | I95: =IFERROR(VLOOKUP(#REF!95,'학생용 IP'!$C$11:$H$326,5,FALSE),"") | L95: 20201021 | M95: 447000 | N95: 자체구매 | O95: 872 | P95: 기타 | Q95: 2.3GHZ | R95: 4GB | S95: 0.128GB
A96: 관리자 | B96: =LEFT(L96,6)&"-"&TEXT(O96,"0000") | C96: 태블릿PC | D96: 활용중 | E96: 교원용 | F96: SM-P615NZAHKOO(갤럭시탭 S6 L) | G96: 삼성 | H96: =IFERROR(VLOOKUP(#REF!96,'정보화기기 명부'!A$2:B$187,2,FALSE),"") | I96: =IFERROR(VLOOKUP(#REF!96,'학생용 IP'!$C$11:$H$326,5,FALSE),"") | L96: 20201021 | M96: 447000 | N96: 자체구매 | O96: 871 | P96: 기타 | Q96: 2.3GHZ | R96: 4GB | S96: 0.128GB
A97: 관리자 | B97: =LEFT(L97,6)&"-"&TEXT(O97,"0000") | C97: 태블릿PC | D97: 활용중 | E97: 교원용 | F97: SM-P615NZAHKOO(갤럭시탭 S6 L) | G97: 삼성 | H97: =IFERROR(VLOOKUP(#REF!97,'정보화기기 명부'!A$2:B$187,2,FALSE),"") | I97: =IFERROR(VLOOKUP(#REF!97,'학생용 IP'!$C$11:$H$326,5,FALSE),"") | L97: 20201021 | M97: 447000 | N97: 자체구매 | O97: 870 | P97: 기타 | Q97: 2.3GHZ | R97: 4GB | S97: 0.128GB
A98: 관리자 | B98: =LEFT(L98,6)&"-"&TEXT(O98,"0000") | C98: 태블릿PC | D98: 활용중 | E98: 교원용 | F98: SM-P615NZAHKOO(갤럭시탭 S6 L) | G98: 삼성 | H98: =IFERROR(VLOOKUP(#REF!98,'정보화기기 명부'!A$2:B$187,2,FALSE),"") | I98: =IFERROR(VLOOKUP(#REF!98,'학생용 IP'!$C$11:$H$326,5,FALSE),"") | L98: 20201021 | M98: 447000 | N98: 자체구매 | O98: 869 | P98: 기타 | Q98: 2.3GHZ | R98: 4GB | S98: 0.128GB
A99: 관리자 | B99: =LEFT(L99,6)&"-"&TEXT(O99,"0000") | C99: 태블릿PC | D99: 활용중 | E99: 교원용 | F99: SM-P615NZAHKOO(갤럭시탭 S6 L) | G99: 삼성 | H99: =IFERROR(VLOOKUP(#REF!99,'정보화기기 명부'!A$2:B$187,2,FALSE),"") | I99: =IFERROR(VLOOKUP(#REF!99,'학생용 IP'!$C$11:$H$326,5,FALSE),"") | L99: 20201021 | M99: 447000 | N99: 자체구매 | O99: 868 | P99: 기타 | Q99: 2.3GHZ | R99: 4GB | S99: 0.128GB
A100: 관리자 | B100: =LEFT(L100,6)&"-"&TEXT(O100,"0000") | C100: 태블릿PC | D100: 활용중 | E100: 교원용 | F100: SM-P615NZAHKOO(갤럭시탭 S6 L) | G100: 삼성 | H100: =IFERROR(VLOOKUP(#REF!100,'정보화기기 명부'!A$2:B$187,2,FALSE),"") | I100: =IFERROR(VLOOKUP(#REF!100,'학생용 IP'!$C$11:$H$326,5,FALSE),"") | L100: 20201021 | M100: 447000 | N100: 자체구매 | O100: 867 | P100: 기타 | Q100: 2.3GHZ | R100: 4GB | S100: 0.128GB
...

Sheet 메일머지용
A1: 관리번호 | B1: 관리유형 | C1: 제조사 | D1: 모델명 | E1: 구입일자 | F1: 관리자명
B2: =IFERROR(INDEX(PC!$E:$E,MATCH($A2,PC!$B:$B,0)),"") | C2: =IFERROR(INDEX(PC!$G:$G,MATCH($A2,PC!$B:$B,0)),"") | D2: =IFERROR(INDEX(PC!$F:$F,MATCH($A2,PC!$B:$B,0)),"") | E2: =IFERROR(INDEX(PC!$L:$L,MATCH($A2,PC!$B:$B,0)),"") | F2: =IFERROR(INDEX(PC!$A:$A,MATCH($A2,PC!$B:$B,0)),"")
B3: =IFERROR(INDEX(PC!$E:$E,MATCH($A3,PC!$B:$B,0)),"") | C3: =IFERROR(INDEX(PC!$G:$G,MATCH($A3,PC!$B:$B,0)),"") | D3: =IFERROR(INDEX(PC!$F:$F,MATCH($A3,PC!$B:$B,0)),"") | E3: =IFERROR(INDEX(PC!$L:$L,MATCH($A3,PC!$B:$B,0)),"") | F3: =IFERROR(INDEX(PC!$A:$A,MATCH($A3,PC!$B:$B,0)),"")
B4: =IFERROR(INDEX(PC!$E:$E,MATCH($A4,PC!$B:$B,0)),"") | C4: =IFERROR(INDEX(PC!$G:$G,MATCH($A4,PC!$B:$B,0)),"") | D4: =IFERROR(INDEX(PC!$F:$F,MATCH($A4,PC!$B:$B,0)),"") | E4: =IFERROR(INDEX(PC!$L:$L,MATCH($A4,PC!$B:$B,0)),"") | F4: =IFERROR(INDEX(PC!$A:$A,MATCH($A4,PC!$B:$B,0)),"")
B5: =IFERROR(INDEX(PC!$E:$E,MATCH($A5,PC!$B:$B,0)),"") | C5: =IFERROR(INDEX(PC!$G:$G,MATCH($A5,PC!$B:$B,0)),"") | D5: =IFERROR(INDEX(PC!$F:$F,MATCH($A5,PC!$B:$B,0)),"") | E5: =IFERROR(INDEX(PC!$L:$L,MATCH($A5,PC!$B:$B,0)),"") | F5: =IFERROR(INDEX(PC!$A:$A,MATCH($A5,PC!$B:$B,0)),"")
B6: =IFERROR(INDEX(PC!$E:$E,MATCH($A6,PC!$B:$B,0)),"") | C6: =IFERROR(INDEX(PC!$G:$G,MATCH($A6,PC!$B:$B,0)),"") | D6: =IFERROR(INDEX(PC!$F:$F,MATCH($A6,PC!$B:$B,0)),"") | E6: =IFERROR(INDEX(PC!$L:$L,MATCH($A6,PC!$B:$B,0)),"") | F6: =IFERROR(INDEX(PC!$A:$A,MATCH($A6,PC!$B:$B,0)),"")
B7: =IFERROR(INDEX(PC!$E:$E,MATCH($A7,PC!$B:$B,0)),"") | C7: =IFERROR(INDEX(PC!$G:$G,MATCH($A7,PC!$B:$B,0)),"") | D7: =IFERROR(INDEX(PC!$F:$F,MATCH($A7,PC!$B:$B,0)),"") | E7: =IFERROR(INDEX(PC!$L:$L,MATCH($A7,PC!$B:$B,0)),"") | F7: =IFERROR(INDEX(PC!$A:$A,MATCH($A7,PC!$B:$B,0)),"")
B8: =IFERROR(INDEX(PC!$E:$E,MATCH($A8,PC!$B:$B,0)),"") | C8: =IFERROR(INDEX(PC!$G:$G,MATCH($A8,PC!$B:$B,0)),"") | D8: =IFERROR(INDEX(PC!$F:$F,MATCH($A8,PC!$B:$B,0)),"") | E8: =IFERROR(INDEX(PC!$L:$L,MATCH($A8,PC!$B:$B,0)),"") | F8: =IFERROR(INDEX(PC!$A:$A,MATCH($A8,PC!$B:$B,0)),"")
B9: =IFERROR(INDEX(PC!$E:$E,MATCH($A9,PC!$B:$B,0)),"") | C9: =IFERROR(INDEX(PC!$G:$G,MATCH($A9,PC!$B:$B,0)),"") | D9: =IFERROR(INDEX(PC!$F:$F,MATCH($A9,PC!$B:$B,0)),"") | E9: =IFERROR(INDEX(PC!$L:$L,MATCH($A9,PC!$B:$B,0)),"") | F9: =IFERROR(INDEX(PC!$A:$A,MATCH($A9,PC!$B:$B,0)),"")
B10: =IFERROR(INDEX(PC!$E:$E,MATCH($A10,PC!$B:$B,0)),"") | C10: =IFERROR(INDEX(PC!$G:$G,MATCH($A10,PC!$B:$B,0)),"") | D10: =IFERROR(INDEX(PC!$F:$F,MATCH($A10,PC!$B:$B,0)),"") | E10: =IFERROR(INDEX(PC!$L:$L,MATCH($A10,PC!$B:$B,0)),"") | F10: =IFERROR(INDEX(PC!$A:$A,MATCH($A10,PC!$B:$B,0)),"")
B11: =IFERROR(INDEX(PC!$E:$E,MATCH($A11,PC!$B:$B,0)),"") | C11: =IFERROR(INDEX(PC!$G:$G,MATCH($A11,PC!$B:$B,0)),"") | D11: =IFERROR(INDEX(PC!$F:$F,MATCH($A11,PC!$B:$B,0)),"") | E11: =IFERROR(INDEX(PC!$L:$L,MATCH($A11,PC!$B:$B,0)),"") | F11: =IFERROR(INDEX(PC!$A:$A,MATCH($A11,PC!$B:$B,0)),"")
B12: =IFERROR(INDEX(PC!$E:$E,MATCH($A12,PC!$B:$B,0)),"") | C12: =IFERROR(INDEX(PC!$G:$G,MATCH($A12,PC!$B:$B,0)),"") | D12: =IFERROR(INDEX(PC!$F:$F,MATCH($A12,PC!$B:$B,0)),"") | E12: =IFERROR(INDEX(PC!$L:$L,MATCH($A12,PC!$B:$B,0)),"") | F12: =IFERROR(INDEX(PC!$A:$A,MATCH($A12,PC!$B:$B,0)),"")
B13: =IFERROR(INDEX(PC!$E:$E,MATCH($A13,PC!$B:$B,0)),"") | C13: =IFERROR(INDEX(PC!$G:$G,MATCH($A13,PC!$B:$B,0)),"") | D13: =IFERROR(INDEX(PC!$F:$F,MATCH($A13,PC!$B:$B,0)),"") | E13: =IFERROR(INDEX(PC!$L:$L,MATCH($A13,PC!$B:$B,0)),"") | F13: =IFERROR(INDEX(PC!$A:$A,MATCH($A13,PC!$B:$B,0)),"")
... B21: =IFERROR(INDEX(PC!$E:$E,MATCH($A21,PC!$B:$B,0)),"") | C21: =IFERROR(INDEX(PC!$G:$G,MATCH($A21,PC!$B:$B,0)),"") | D21: =IFERROR(INDEX(PC!$F:$F,MATCH($A21,PC!$B:$B,0)),"") | E21: =IFERROR(INDEX(PC!$L:$L,MATCH($A21,PC!$B:$B,0)),"") | F21: =IFERROR(INDEX(PC!$A:$A,MATCH($A21,PC!$B:$B,0)),"")

Sheet 교직원용 IP
A1: IP | C1: 셩명 | D1: 부서 | E1: 관리번호 | F1: 모델명 | G1: PC 구분
A2: 10.51.90. | B2: 71 | C2: 우현주 | D2: =IFERROR(VLOOKUP(C2,'정보화기기 명부'!A$2:B$138,2,FALSE),"") -> 교장실 | E2: =IFERROR(VLOOKUP(C2,PC!A$1:K$436,2,FALSE),"") -> 202412-0905 | F2: =IFERROR(VLOOKUP(C2,PC!A$1:K$436,7,FALSE)&" "&VLOOKUP(C2,PC!A$1:K$436,6,FALSE),"") -> 에이텍 A2SC-4VCI | G2: =IFERROR(VLOOKUP(C2,PC!$A$1:$K$436,3,FALSE),"") -> 데스크톱 | H2: =$A$2&B2 -> 10.51.90.71
B3: 72 | C3: 황경환 | D3: =IFERROR(VLOOKUP(C3,'정보화기기 명부'!A$2:B$138,2,FALSE),"") -> 2층 교무실 | E3: =IFERROR(VLOOKUP(C3,PC!A$1:K$436,2,FALSE),"") -> 20230721-0903 | F3: =IFERROR(VLOOKUP(C3,PC!A$1:K$436,7,FALSE)&" "&VLOOKUP(C3,PC!A$1:K$436,6,FALSE),"") -> 삼보 DG481-GA51-011, Intel Core i5 12500(3GHz) | G3: =IFERROR(VLOOKUP(C3,PC!$A$1:$K$436,3,FALSE),"") -> 데스크톱 | H3: =$A$2&B3 -> 10.51.90.72
B4: 73 | C4: 백양현 | D4: =IFERROR(VLOOKUP(C4,'정보화기기 명부'!A$2:B$138,2,FALSE),"") -> 교육행정실 | E4: =IFERROR(VLOOKUP(C4,PC!A$1:K$436,2,FALSE),"") -> 20220117-0902 | F4: =IFERROR(VLOOKUP(C4,PC!A$1:K$436,7,FALSE)&" "&VLOOKUP(C4,PC!A$1:K$436,6,FALSE),"") -> 삼보 DG375-GA31-0BPS | G4: =IFERROR(VLOOKUP(C4,PC!$A$1:$K$436,3,FALSE),"") -> 데스크톱 | H4: =$A$2&B4 -> 10.51.90.73
B5: 74 | C5: 임향민 | D5: =IFERROR(VLOOKUP(C5,'정보화기기 명부'!A$2:B$138,2,FALSE),"") -> 교육행정실 | E5: =IFERROR(VLOOKUP(C5,PC!A$1:K$436,2,FALSE),"") -> 20231219-0904 | F5: =IFERROR(VLOOKUP(C5,PC!A$1:K$436,7,FALSE)&" "&VLOOKUP(C5,PC!A$1:K$436,6,FALSE),"") -> 삼보 DR281-GS51-012 intel core i5 | G5: =IFERROR(VLOOKUP(C5,PC!$A$1:$K$436,3,FALSE),"") -> 데스크톱 | H5: =$A$2&B5 -> 10.51.90.74 | I5: 임향민
B6: 75 | C6: 김이조 | D6: =IFERROR(VLOOKUP(C6,'정보화기기 명부'!A$2:B$138,2,FALSE),"") -> 교육행정실 | E6: =IFERROR(VLOOKUP(C6,PC!A$1:K$436,2,FALSE),"") -> 20220117-0901 | F6: =IFERROR(VLOOKUP(C6,PC!A$1:K$436,7,FALSE)&" "&VLOOKUP(C6,PC!A$1:K$436,6,FALSE),"") -> 삼보 DG375-GA31-0BPS | G6: =IFERROR(VLOOKUP(C6,PC!$A$1:$K$436,3,FALSE),"") -> 데스크톱 | H6: =$A$2&B6 -> 10.51.90.75 | I6: 김이조
B7: 76 | C7: 정은영 | D7: =IFERROR(VLOOKUP(C7,'정보화기기 명부'!A$2:B$138,2,FALSE),"") -> 교육행정실 | E7: =IFERROR(VLOOKUP(C7,PC!A$1:K$436,2,FALSE),"") -> 20210512-0885 | F7: =IFERROR(VLOOKUP(C7,PC!A$1:K$436,7,FALSE)&" "&VLOOKUP(C7,PC!A$1:K$436,6,FALSE),"") -> 성주컴텍 TD210-GCL23S | G7: =IFERROR(VLOOKUP(C7,PC!$A$1:$K$436,3,FALSE),"") -> 데스크톱 | H7: =$A$2&B7 -> 10.51.90.76 | I7: 정은영
B8: 77 | C8: 성윤정 | D8: =IFERROR(VLOOKUP(C8,'정보화기기 명부'!A$2:B$138,2,FALSE),"") -> 교육행정실 | E8: =IFERROR(VLOOKUP(C8,PC!A$1:K$436,2,FALSE),"") -> 20250708-0805 | F8: =IFERROR(VLOOKUP(C8,PC!A$1:K$436,7,FALSE)&" "&VLOOKUP(C8,PC!A$1:K$436,6,FALSE),"") -> 대우루컴즈 DS361A-245430 | G8: =IFERROR(VLOOKUP(C8,PC!$A$1:$K$436,3,FALSE),"") -> 데스크톱 | H8: =$A$2&B8 -> 10.51.90.77 | I8: 성윤정
B9: 78 | C9: 심경옥 | D9: =IFERROR(VLOOKUP(C9,'정보화기기 명부'!A$2:B$138,2,FALSE),"") -> 교육행정실 | E9: =IFERROR(VLOOKUP(C9,PC!A$1:K$436,2,FALSE),"") | F9: =IFERROR(VLOOKUP(C9,PC!A$1:K$436,7,FALSE)&" "&VLOOKUP(C9,PC!A$1:K$436,6,FALSE),"") | G9: =IFERROR(VLOOKUP(C9,PC!$A$1:$K$436,3,FALSE),"") | H9: =$A$2&B9 -> 10.51.90.78 | I9: 심경옥
B10: 79 | C10: 이주선 | D10: =IFERROR(VLOOKUP(C10,'정보화기기 명부'!A$2:B$138,2,FALSE),"") -> 급식실 | E10: =IFERROR(VLOOKUP(C10,PC!A$1:K$436,2,FALSE),"") -> 20190927-0804 | F10: =IFERROR(VLOOKUP(C10,PC!A$1:K$436,7,FALSE)&" "&VLOOKUP(C10,PC!A$1:K$436,6,FALSE),"") -> 레드스톤 VITO RMS-565S | G10: =IFERROR(VLOOKUP(C10,PC!$A$1:$K$436,3,FALSE),"") -> 데스크톱 | H10: =$A$2&B10 -> 10.51.90.79
B11: 80 | C11: 김종익 | D11: =IFERROR(VLOOKUP(C11,'정보화기기 명부'!A$2:B$138,2,FALSE),"") -> 시설관리실 | E11: =IFERROR(VLOOKUP(C11,PC!A$1:K$436,2,FALSE),"") -> 20250708-0803 | F11: =IFERROR(VLOOKUP(C11,PC!A$1:K$436,7,FALSE)&" "&VLOOKUP(C11,PC!A$1:K$436,6,FALSE),"") -> 대우루컴즈 DS361A-245430 | G11: =IFERROR(VLOOKUP(C11,PC!$A$1:$K$436,3,FALSE),"") -> 데스크톱 | H11: =$A$2&B11 -> 10.51.90.80
B12: 81 | C12: 윤선영 | D12: =IFERROR(VLOOKUP(C12,'정보화기기 명부'!A$2:B$138,2,FALSE),"") -> 1학년부 | E12: =IFERROR(VLOOKUP(C12,PC!A$1:K$436,2,FALSE),"") | F12: =IFERROR(VLOOKUP(C12,PC!A$1:K$436,7,FALSE)&" "&VLOOKUP(C12,PC!A$1:K$436,6,FALSE),"") | G12: =IFERROR(VLOOKUP(C12,PC!$A$1:$K$436,3,FALSE),"") | H12: =$A$2&B12 -> 10.51.90.81
B13: 82 | C13: 유영복 | D13: =IFERROR(VLOOKUP(C13,'정보화기기 명부'!A$2:B$138,2,FALSE),"") -> 3학년부 | E13: =IFERROR(VLOOKUP(C13,PC!A$1:K$436,2,FALSE),"") -> 202409-0943 | F13: =IFERROR(VLOOKUP(C13,PC!A$1:K$436,7,FALSE)&" "&VLOOKUP(C13,PC!A$1:K$436,6,FALSE),"") -> 삼성 NT750XGK-KG51G | G13: =IFERROR(VLOOKUP(C13,PC!$A$1:$K$436,3,FALSE),"") -> 노트북 | H13: =$A$2&B13 -> 10.51.90.82
B14: 83 | C14: 고진아 | D14: =IFERROR(VLOOKUP(C14,'정보화기기 명부'!A$2:B$138,2,FALSE),"") -> 혁신교육부 | E14: =IFERROR(VLOOKUP(C14,PC!A$1:K$436,2,FALSE),"") -> 20230315-0919 | F14: =IFERROR(VLOOKUP(C14,PC!A$1:K$436,7,FALSE)&" "&VLOOKUP(C14,PC!A$1:K$436,6,FALSE),"") -> 삼성 NT550XED-KG03G | G14: =IFERROR(VLOOKUP(C14,PC!$A$1:$K$436,3,FALSE),"") -> 노트북 | H14: =$A$2&B14 -> 10.51.90.83
B15: 84 | C15: 김두순 | D15: =IFERROR(VLOOKUP(C15,'정보화기기 명부'!A$2:B$138,2,FALSE),"") -> 수리과학부 | E15: =IFERROR(VLOOKUP(C15,PC!A$1:K$436,2,FALSE),"") -> 20230315-0920 | F15: =IFERROR(VLOOKUP(C15,PC!A$1:K$436,7,FALSE)&" "&VLOOKUP(C15,PC!A$1:K$436,6,FALSE),"") -> 삼성 NT550XED-KG03G | G15: =IFERROR(VLOOKUP(C15,PC!$A$1:$K$436,3,FALSE),"") -> 노트북 | H15: =$A$2&B15 -> 10.51.90.84
B16: 85 | C16: 중앙제어 | D16: =IFERROR(VLOOKUP(C16,'정보화기기 명부'!A$2:B$138,2,FALSE),"") | E16: =IFERROR(VLOOKUP(C16,PC!A$1:K$436,2,FALSE),"") | F16: =IFERROR(VLOOKUP(C16,PC!A$1:K$436,7,FALSE)&" "&VLOOKUP(C16,PC!A$1:K$436,6,FALSE),"") | G16: =IFERROR(VLOOKUP(C16,PC!$A$1:$K$436,3,FALSE),"") | H16: =$A$2&B16 -> 10.51.90.85
B17: 86 | C17: 정다운 | D17: =IFERROR(VLOOKUP(C17,'정보화기기 명부'!A$2:B$138,2,FALSE),"") -> 2층 교무실 | E17: =IFERROR(VLOOKUP(C17,PC!A$1:K$436,2,FALSE),"") -> 202412-0906 | F17: =IFERROR(VLOOKUP(C17,PC!A$1:K$436,7,FALSE)&" "&VLOOKUP(C17,PC!A$1:K$436,6,FALSE),"") -> 에이텍 A2TC-4VCIN | G17: =IFERROR(VLOOKUP(C17,PC!$A$1:$K$436,3,FALSE),"") -> 데스크톱 | H17: =$A$2&B17 -> 10.51.90.86 | I17: 황영선
B18: 87 | C18: 원선일 | D18: =IFERROR(VLOOKUP(C18,'정보화기기 명부'!A$2:B$138,2,FALSE),"") -> 2층 교무실 | E18: =IFERROR(VLOOKUP(C18,PC!A$1:K$436,2,FALSE),"") -> 202412-0907 | F18: =IFERROR(VLOOKUP(C18,PC!A$1:K$436,7,FALSE)&" "&VLOOKUP(C18,PC!A$1:K$436,6,FALSE),"") -> 에이텍 A2TC-4VCIN | G18: =IFERROR(VLOOKUP(C18,PC!$A$1:$K$436,3,FALSE),"") -> 데스크톱 | H18: =$A$2&B18 -> 10.51.90.87
B19: 88 | C19: - | D19: =IFERROR(VLOOKUP(C19,'정보화기기 명부'!A$2:B$138,2,FALSE),"") | E19: =IFERROR(VLOOKUP(C19,PC!A$1:K$436,2,FALSE),"") | F19: =IFERROR(VLOOKUP(C19,PC!A$1:K$436,7,FALSE)&" "&VLOOKUP(C19,PC!A$1:K$436,6,FALSE),"") | G19: =IFERROR(VLOOKUP(C19,PC!$A$1:$K$436,3,FALSE),"") | H19: =$A$2&B19 -> 10.51.90.88
B20: 89 | C20: 최용순 | D20: =IFERROR(VLOOKUP(C20,'정보화기기 명부'!A$2:B$138,2,FALSE),"") -> 교무기획부 | E20: =IFERROR(VLOOKUP(C20,PC!A$1:K$436,2,FALSE),"") -> 202402-0934 | F20: =IFERROR(VLOOKUP(C20,PC!A$1:K$436,7,FALSE)&" "&VLOOKUP(C20,PC!A$1:K$436,6,FALSE),"") -> 삼성 NT550XDA-KG11G | G20: =IFERROR(VLOOKUP(C20,PC!$A$1:$K$436,3,FALSE),"") -> 노트북 | H20: =$A$2&B20 -> 10.51.90.89
B21: 90 | C21: 수업분석실 | D21: =IFERROR(VLOOKUP(C21,'정보화기기 명부'!A$2:B$138,2,FALSE),"") -> 수업분석실 | E21: =IFERROR(VLOOKUP(C21,PC!A$1:K$436,2,FALSE),"") | F21: =IFERROR(VLOOKUP(C21,PC!A$1:K$436,7,FALSE)&" "&VLOOKUP(C21,PC!A$1:K$436,6,FALSE),"") | G21: =IFERROR(VLOOKUP(C21,PC!$A$1:$K$436,3,FALSE),"") | H21: =$A$2&B21 -> 10.51.90.90
B22: 91 | C22: 나정훈 | D22: =IFERROR(VLOOKUP(C22,'정보화기기 명부'!A$2:B$138,2,FALSE),"") -> 1학년부 | E22: =IFERROR(VLOOKUP(C22,PC!A$1:K$436,2,FALSE),"") -> 202409-0942 | F22: =IFERROR(VLOOKUP(C22,PC!A$1:K$436,7,FALSE)&" "&VLOOKUP(C22,PC!A$1:K$436,6,FALSE),"") -> 삼성 NT750XGK-KG51G | G22: =IFERROR(VLOOKUP(C22,PC!$A$1:$K$436,3,FALSE),"") -> 노트북 | H22: =$A$2&B22 -> 10.51.90.91
B23: 92 | C23: 유미라 | D23: =IFERROR(VLOOKUP(C23,'정보화기기 명부'!A$2:B$138,2,FALSE),"") -> 진로진학상담부 | E23: =IFERROR(VLOOKUP(C23,PC!A$1:K$436,2,FALSE),"") -> 202402-0929 | F23: =IFERROR(VLOOKUP(C23,PC!A$1:K$436,7,FALSE)&" "&VLOOKUP(C23,PC!A$1:K$436,6,FALSE),"") -> 삼성 NT550XDA-KG11G | G23: =IFERROR(VLOOKUP(C23,PC!$A$1:$K$436,3,FALSE),"") -> 노트북 | H23: =$A$2&B23 -> 10.51.90.92
A24: X | B24: 93 | C24: 구 김현우 | D24: =IFERROR(VLOOKUP(C24,'정보화기기 명부'!A$2:B$138,2,FALSE),"") | E24: =IFERROR(VLOOKUP(C24,PC!A$1:K$436,2,FALSE),"") | F24: =IFERROR(VLOOKUP(C24,PC!A$1:K$436,7,FALSE)&" "&VLOOKUP(C24,PC!A$1:K$436,6,FALSE),"") | G24: =IFERROR(VLOOKUP(C24,PC!$A$1:$K$436,3,FALSE),"") | H24: =$A$2&B24 -> 10.51.90.93
B25: 94 | C25: 김세연 | D25: =IFERROR(VLOOKUP(C25,'정보화기기 명부'!A$2:B$138,2,FALSE),"") -> 3학년부 | E25: =IFERROR(VLOOKUP(C25,PC!A$1:K$436,2,FALSE),"") -> 202402-0923 | F25: =IFERROR(VLOOKUP(C25,PC!A$1:K$436,7,FALSE)&" "&VLOOKUP(C25,PC!A$1:K$436,6,FALSE),"") -> 삼성 NT550XDA-KG11G | G25: =IFERROR(VLOOKUP(C25,PC!$A$1:$K$436,3,FALSE),"") -> 노트북 | H25: =$A$2&B25 -> 10.51.90.94
B26: 95 | C26: 손승태 | D26: =IFERROR(VLOOKUP(C26,'정보화기기 명부'!A$2:B$138,2,FALSE),"") | E26: =IFERROR(VLOOKUP(C26,PC!A$1:K$436,2,FALSE),"") -> 202504-0947 | F26: 삼성NT750XGK-KG71G | G26: =IFERROR(VLOOKUP(C26,PC!$A$1:$K$436,3,FALSE),"") -> 노트북 | H26: =$A$2&B26 -> 10.51.90.95
B27: 96 | C27: 한혜숙 | D27: =IFERROR(VLOOKUP(C27,'정보화기기 명부'!A$2:B$138,2,FALSE),"") -> 2학년부 | E27: =IFERROR(VLOOKUP(C27,PC!A$1:K$436,2,FALSE),"") -> 202402-0927 | F27: =IFERROR(VLOOKUP(C27,PC!A$1:K$436,7,FALSE)&" "&VLOOKUP(C27,PC!A$1:K$436,6,FALSE),"") -> 삼성 NT550XDA-KG11G | G27: =IFERROR(VLOOKUP(C27,PC!$A$1:$K$436,3,FALSE),"") -> 노트북 | H27: =$A$2&B27 -> 10.51.90.96
B28: 97 | C28: 노병철 | D28: =IFERROR(VLOOKUP(C28,'정보화기기 명부'!A$2:B$138,2,FALSE),"") -> 1학년부 | E28: =IFERROR(VLOOKUP(C28,PC!A$1:K$436,2,FALSE),"") | F28: 삼성NT750XGK-KG71G | G28: =IFERROR(VLOOKUP(C28,PC!$A$1:$K$436,3,FALSE),"") | H28: =$A$2&B28 -> 10.51.90.97
B29: 98 | C29: 성적처리용 | D29: =IFERROR(VLOOKUP(C29,'정보화기기 명부'!A$2:B$138,2,FALSE),"") -> 교무기획부 | E29: =IFERROR(VLOOKUP(C29,PC!A$1:K$436,2,FALSE),"") -> 20180521-0776 | F29: =IFERROR(VLOOKUP(C29,PC!A$1:K$436,7,FALSE)&" "&VLOOKUP(C29,PC!A$1:K$436,6,FALSE),"") -> 주연테크 JY-AX44P5G | G29: =IFERROR(VLOOKUP(C29,PC!$A$1:$K$436,3,FALSE),"") -> 데스크톱 | H29: =$A$2&B29 -> 10.51.90.98
B30: 99 | C30: 김용천 | D30: =IFERROR(VLOOKUP(C30,'정보화기기 명부'!A$2:B$138,2,FALSE),"") -> 학생인권안전부 | E30: =IFERROR(VLOOKUP(C30,PC!A$1:K$436,2,FALSE),"") -> 202512-0956 | F30: =IFERROR(VLOOKUP(C30,PC!A$1:K$436,7,FALSE)&" "&VLOOKUP(C30,PC!A$1:K$436,6,FALSE),"") -> 삼성 NT750XGK-KG76P | G30: =IFERROR(VLOOKUP(C30,PC!$A$1:$K$436,3,FALSE),"") -> 노트북 | H30: =$A$2&B30 -> 10.51.90.99
B31: 100 | C31: 파일 서버 | D31: =IFERROR(VLOOKUP(C31,'정보화기기 명부'!A$2:B$138,2,FALSE),"") -> 정보교육부 | E31: =IFERROR(VLOOKUP(C31,PC!A$1:K$436,2,FALSE),"") -> 20190927-0802 | F31: =IFERROR(VLOOKUP(C31,PC!A$1:K$436,7,FALSE)&" "&VLOOKUP(C31,PC!A$1:K$436,6,FALSE),"") -> 레드스톤 VITO RMS-565S | G31: =IFERROR(VLOOKUP(C31,PC!$A$1:$K$436,3,FALSE),"") -> 데스크톱 | H31: =$A$2&B31 -> 10.51.90.100 | J31: 파일서버
B32: 101 | C32: 윤샤롬 | D32: =IFERROR(VLOOKUP(C32,'정보화기기 명부'!A$2:B$138,2,FALSE),"") -> 3학년부 | E32: =IFERROR(VLOOKUP(C32,PC!A$1:K$436,2,FALSE),"") -> 20230315-0921 | F32: =IFERROR(VLOOKUP(C32,PC!A$1:K$436,7,FALSE)&" "&VLOOKUP(C32,PC!A$1:K$436,6,FALSE),"") -> 삼성 NT550XED-KG03G | G32: =IFERROR(VLOOKUP(C32,PC!$A$1:$K$436,3,FALSE),"") -> 노트북 | H32: =$A$2&B32 -> 10.51.90.101 | J32: 사용자 | K32: 암호
B33: 102 | C33: 임숙진 | D33: =IFERROR(VLOOKUP(C33,'정보화기기 명부'!A$2:B$138,2,FALSE),"") -> 혁신교육부 | E33: =IFERROR(VLOOKUP(C33,PC!A$1:K$436,2,FALSE),"") | F33: =IFERROR(VLOOKUP(C33,PC!A$1:K$436,7,FALSE)&" "&VLOOKUP(C33,PC!A$1:K$436,6,FALSE),"") | G33: =IFERROR(VLOOKUP(C33,PC!$A$1:$K$436,3,FALSE),"") | H33: =$A$2&B33 -> 10.51.90.102 | J33: administrator | K33: ic2018#
B34: 103 | C34: 강민정 | D34: =IFERROR(VLOOKUP(C34,'정보화기기 명부'!A$2:B$138,2,FALSE),"") -> 2학년부 | E34: =IFERROR(VLOOKUP(C34,PC!A$1:K$436,2,FALSE),"") -> 202402-0930 | F34: =IFERROR(VLOOKUP(C34,PC!A$1:K$436,7,FALSE)&" "&VLOOKUP(C34,PC!A$1:K$436,6,FALSE),"") -> 삼성 NT550XDA-KG11G | G34: =IFERROR(VLOOKUP(C34,PC!$A$1:$K$436,3,FALSE),"") -> 노트북 | H34: =$A$2&B34 -> 10.51.90.103 | J34: 시간표 | K34: ic#2018 | L34: inchang | M34: 5519305
B35: 104 | C35: 이준호 | D35: =IFERROR(VLOOKUP(C35,'정보화기기 명부'!A$2:B$138,2,FALSE),"") -> 정보교육부 | E35: =IFERROR(VLOOKUP(C35,PC!A$1:K$436,2,FALSE),"") -> 202409-0935 | F35: =IFERROR(VLOOKUP(C35,PC!A$1:K$436,7,FALSE)&" "&VLOOKUP(C35,PC!A$1:K$436,6,FALSE),"") -> 삼성 NT750XGK-KG51G | G35: =IFERROR(VLOOKUP(C35,PC!$A$1:$K$436,3,FALSE),"") -> 노트북 | H35: =$A$2&B35 -> 10.51.90.104 | J35: staff | K35: sta#ff2018
B36: 105 | C36: 김정아 | D36: =IFERROR(VLOOKUP(C36,'정보화기기 명부'!A$2:B$138,2,FALSE),"") -> 체육보건부 | E36: =IFERROR(VLOOKUP(C36,PC!A$1:K$436,2,FALSE),"") | F36: =IFERROR(VLOOKUP(C36,PC!A$1:K$436,7,FALSE)&" "&VLOOKUP(C36,PC!A$1:K$436,6,FALSE),"") | G36: =IFERROR(VLOOKUP(C36,PC!$A$1:$K$436,3,FALSE),"") | H36: =$A$2&B36 -> 10.51.90.105 | J36: cool | K36: ic2018#
B37: 106 | C37: 진국현 | D37: =IFERROR(VLOOKUP(C37,'정보화기기 명부'!A$2:B$138,2,FALSE),"") | E37: =IFERROR(VLOOKUP(C37,PC!A$1:K$436,2,FALSE),"") -> 20190927-0801 | F37: =IFERROR(VLOOKUP(C37,PC!A$1:K$436,7,FALSE)&" "&VLOOKUP(C37,PC!A$1:K$436,6,FALSE),"") -> 레드스톤 VITO RMS-565S | G37: =IFERROR(VLOOKUP(C37,PC!$A$1:$K$436,3,FALSE),"") -> 데스크톱 | H37: =$A$2&B37 -> 10.51.90.106 | J37: 진국현 | K37: MS계정 암호
B38: 107 | C38: 유희정 | D38: =IFERROR(VLOOKUP(C38,'정보화기기 명부'!A$2:B$138,2,FALSE),"") -> 정보교육부 | E38: =IFERROR(VLOOKUP(C38,PC!A$1:K$436,2,FALSE),"") | F38: =IFERROR(VLOOKUP(C38,PC!A$1:K$436,7,FALSE)&" "&VLOOKUP(C38,PC!A$1:K$436,6,FALSE),"") | G38: =IFERROR(VLOOKUP(C38,PC!$A$1:$K$436,3,FALSE),"") | H38: =$A$2&B38 -> 10.51.90.107 | J38: 인창고 | K38: 인#18
B39: 108 | C39: 전부영 | D39: =IFERROR(VLOOKUP(C39,'정보화기기 명부'!A$2:B$138,2,FALSE),"") -> 교무기획부 | E39: =IFERROR(VLOOKUP(C39,PC!A$1:K$436,2,FALSE),"") -> 202402-0921 | F39: =IFERROR(VLOOKUP(C39,PC!A$1:K$436,7,FALSE)&" "&VLOOKUP(C39,PC!A$1:K$436,6,FALSE),"") -> 삼성 NT550XDA-KG11G | G39: =IFERROR(VLOOKUP(C39,PC!$A$1:$K$436,3,FALSE),"") -> 노트북 | H39: =$A$2&B39 -> 10.51.90.108
B40: 109 | C40: 정진희 | D40: =IFERROR(VLOOKUP(C40,'정보화기기 명부'!A$2:B$138,2,FALSE),"") -> 교육과정부 | E40: =IFERROR(VLOOKUP(C40,PC!A$1:K$436,2,FALSE),"") -> 202212-0916 | F40: =IFERROR(VLOOKUP(C40,PC!A$1:K$436,7,FALSE)&" "&VLOOKUP(C40,PC!A$1:K$436,6,FALSE),"") -> 델 Latitude3520 | G40: =IFERROR(VLOOKUP(C40,PC!$A$1:$K$436,3,FALSE),"") -> 노트북 | H40: =$A$2&B40 -> 10.51.90.109
B41: 110 | C41: 소강당용 | D41: =IFERROR(VLOOKUP(C41,'정보화기기 명부'!A$2:B$138,2,FALSE),"") -> 소강당 | E41: =IFERROR(VLOOKUP(C41,PC!A$1:K$436,2,FALSE),"") -> 20190115-0788 | F41: =IFERROR(VLOOKUP(C41,PC!A$1:K$436,7,FALSE)&" "&VLOOKUP(C41,PC!A$1:K$436,6,FALSE),"") -> 대우루컴즈 솔로탑G-3FEE | G41: =IFERROR(VLOOKUP(C41,PC!$A$1:$K$436,3,FALSE),"") -> 데스크톱 | H41: =$A$2&B41 -> 10.51.90.110
B42: 111 | C42: 플로터용 | D42: =IFERROR(VLOOKUP(C42,'정보화기기 명부'!A$2:B$138,2,FALSE),"") -> 정보교육부 | E42: =IFERROR(VLOOKUP(C42,PC!A$1:K$436,2,FALSE),"") -> 20161223-0733 | F42: =IFERROR(VLOOKUP(C42,PC!A$1:K$436,7,FALSE)&" "&VLOOKUP(C42,PC!A$1:K$436,6,FALSE),"") -> 레드스톤시스템 RHS-549PE | G42: =IFERROR(VLOOKUP(C42,PC!$A$1:$K$436,3,FALSE),"") -> 데스크톱 | H42: =$A$2&B42 -> 10.51.90.111
B43: 112 | C43: 박필승 | D43: =IFERROR(VLOOKUP(C43,'정보화기기 명부'!A$2:B$138,2,FALSE),"") -> 2학년부 | E43: =IFERROR(VLOOKUP(C43,PC!A$1:K$436,2,FALSE),"") -> 202409-0938 | F43: =IFERROR(VLOOKUP(C43,PC!A$1:K$436,7,FALSE)&" "&VLOOKUP(C43,PC!A$1:K$436,6,FALSE),"") -> 삼성 NT750XGK-KG51G | G43: =IFERROR(VLOOKUP(C43,PC!$A$1:$K$436,3,FALSE),"") -> 노트북 | H43: =$A$2&B43 -> 10.51.90.112
B44: 113 | C44: 오옥선 | D44: =IFERROR(VLOOKUP(C44,'정보화기기 명부'!A$2:B$138,2,FALSE),"") -> 1학년부 | E44: =IFERROR(VLOOKUP(C44,PC!A$1:K$436,2,FALSE),"") | F44: 삼성NT750XGK-KG71G | G44: =IFERROR(VLOOKUP(C44,PC!$A$1:$K$436,3,FALSE),"") | H44: =$A$2&B44 -> 10.51.90.113
B45: 114 | C45: 정형은 | D45: =IFERROR(VLOOKUP(C45,'정보화기기 명부'!A$2:B$138,2,FALSE),"") -> 3학년부 | E45: =IFERROR(VLOOKUP(C45,PC!A$1:K$436,2,FALSE),"") -> 202402-0924 | F45: =IFERROR(VLOOKUP(C45,PC!A$1:K$436,7,FALSE)&" "&VLOOKUP(C45,PC!A$1:K$436,6,FALSE),"") -> 삼성 NT550XDA-KG11G | G45: =IFERROR(VLOOKUP(C45,PC!$A$1:$K$436,3,FALSE),"") -> 노트북 | H45: =$A$2&B45 -> 10.51.90.114
B46: 115 | C46: 하승주 | D46: =IFERROR(VLOOKUP(C46,'정보화기기 명부'!A$2:B$138,2,FALSE),"") -> 2학년부 | E46: =IFERROR(VLOOKUP(C46,PC!A$1:K$436,2,FALSE),"") | F46: 삼성NT750XGK-KG71G | G46: =IFERROR(VLOOKUP(C46,PC!$A$1:$K$436,3,FALSE),"") | H46: =$A$2&B46 -> 10.51.90.115
B47: 116 | C47: 고민숙 | D47: =IFERROR(VLOOKUP(C47,'정보화기기 명부'!A$2:B$138,2,FALSE),"") -> 1학년부 | E47: =IFERROR(VLOOKUP(C47,PC!A$1:K$436,2,FALSE),"") -> 202504-0950 | F47: 삼성NT750XGK-KG71G | G47: =IFERROR(VLOOKUP(C47,PC!$A$1:$K$436,3,FALSE),"") -> 노트북 | H47: =$A$2&B47 -> 10.51.90.116 | J47: (10.51.90.116) | K47: 공유기 | L47: SSID
B48: 117 | C48: 한수진 | D48: =IFERROR(VLOOKUP(C48,'정보화기기 명부'!A$2:B$138,2,FALSE),"") -> Wee클래스 | E48: =IFERROR(VLOOKUP(C48,PC!A$1:K$436,2,FALSE),"") -> 20250708-0853 | F48: =IFERROR(VLOOKUP(C48,PC!A$1:K$436,7,FALSE)&" "&VLOOKUP(C48,PC!A$1:K$436,6,FALSE),"") -> 대우루컴즈 DS361A-245430 | G48: =IFERROR(VLOOKUP(C48,PC!$A$1:$K$436,3,FALSE),"") -> 데스크톱 | H48: =$A$2&B48 -> 10.51.90.117 | L48: 2G SSID | M48: 5G SSID
B49: 118 | C49: 김강일 | D49: =IFERROR(VLOOKUP(C49,'정보화기기 명부'!A$2:B$138,2,FALSE),"") -> 체육보건부 | E49: =IFERROR(VLOOKUP(C49,PC!A$1:K$436,2,FALSE),"") -> 202504-0955 | F49: 삼성NT750XGK-KG71G | G49: =IFERROR(VLOOKUP(C49,PC!$A$1:$K$436,3,FALSE),"") -> 노트북 | H49: =$A$2&B49 -> 10.51.90.118 | J49: ID | K49: admin | L49: InChang | M49: InChang_5G
B50: 119 | C50: 박연희 | D50: =IFERROR(VLOOKUP(C50,'정보화기기 명부'!A$2:B$138,2,FALSE),"") -> 3학년부 | E50: =IFERROR(VLOOKUP(C50,PC!A$1:K$436,2,FALSE),"") | F50: =IFERROR(VLOOKUP(C50,PC!A$1:K$436,7,FALSE)&" "&VLOOKUP(C50,PC!A$1:K$436,6,FALSE),"") | G50: =IFERROR(VLOOKUP(C50,PC!$A$1:$K$436,3,FALSE),"") | H50: =$A$2&B50 -> 10.51.90.119 | J50: P/W | K50: ic2018# | L50: happy2018
B51: 120 | C51: 황은선 | D51: =IFERROR(VLOOKUP(C51,'정보화기기 명부'!A$2:B$138,2,FALSE),"") -> 1학년부 | E51: =IFERROR(VLOOKUP(C51,PC!A$1:K$436,2,FALSE),"") -> 202402-0932 | F51: =IFERROR(VLOOKUP(C51,PC!A$1:K$436,7,FALSE)&" "&VLOOKUP(C51,PC!A$1:K$436,6,FALSE),"") -> 삼성 NT550XDA-KG11G | G51: =IFERROR(VLOOKUP(C51,PC!$A$1:$K$436,3,FALSE),"") -> 노트북 | H51: =$A$2&B51 -> 10.51.90.120
B52: 121 | C52: 맹수용 | D52: =IFERROR(VLOOKUP(C52,'정보화기기 명부'!A$2:B$138,2,FALSE),"") -> 인문사회부 | E52: =IFERROR(VLOOKUP(C52,PC!A$1:K$436,2,FALSE),"") -> 202208-0913 | F52: =IFERROR(VLOOKUP(C52,PC!A$1:K$436,7,FALSE)&" "&VLOOKUP(C52,PC!A$1:K$436,6,FALSE),"") -> 삼보 N5800-G050-OU02 | G52: =IFERROR(VLOOKUP(C52,PC!$A$1:$K$436,3,FALSE),"") -> 노트북 | H52: =$A$2&B52 -> 10.51.90.121 | J52: 서브넷마스크 | K52: 255.255.254.0
B53: 122 | C53: 이현실 | D53: =IFERROR(VLOOKUP(C53,'정보화기기 명부'!A$2:B$138,2,FALSE),"") -> 교무기획부 | E53: =IFERROR(VLOOKUP(C53,PC!A$1:K$436,2,FALSE),"") -> 202409-0944 | F53: =IFERROR(VLOOKUP(C53,PC!A$1:K$436,7,FALSE)&" "&VLOOKUP(C53,PC!A$1:K$436,6,FALSE),"") -> 삼성 NT750XGK-KG51G | G53: =IFERROR(VLOOKUP(C53,PC!$A$1:$K$436,3,FALSE),"") -> 노트북 | H53: =$A$2&B53 -> 10.51.90.122 | J53: 기본게이트웨이 | K53: 10.51.90.1
B54: 123 | C54: 신진태 | D54: =IFERROR(VLOOKUP(C54,'정보화기기 명부'!A$2:B$138,2,FALSE),"") -> 특수교육부 | E54: =IFERROR(VLOOKUP(C54,PC!A$1:K$436,2,FALSE),"") -> 202208-0910 | F54: =IFERROR(VLOOKUP(C54,PC!A$1:K$436,7,FALSE)&" "&VLOOKUP(C54,PC!A$1:K$436,6,FALSE),"") -> 삼보 N5800-G050-OU02 | G54: =IFERROR(VLOOKUP(C54,PC!$A$1:$K$436,3,FALSE),"") -> 노트북 | H54: =$A$2&B54 -> 10.51.90.123 | J54: 기본설정DNS서버 | K54: 168.126.63.1
B55: 124 | C55: 허정화 | D55: =IFERROR(VLOOKUP(C55,'정보화기기 명부'!A$2:B$138,2,FALSE),"") -> 특수교육부 | E55: =IFERROR(VLOOKUP(C55,PC!A$1:K$436,2,FALSE),"") -> 202208-0908 | F55: =IFERROR(VLOOKUP(C55,PC!A$1:K$436,7,FALSE)&" "&VLOOKUP(C55,PC!A$1:K$436,6,FALSE),"") -> 삼보 N5800-G050-OU02 | G55: =IFERROR(VLOOKUP(C55,PC!$A$1:$K$436,3,FALSE),"") -> 노트북 | H55: =$A$2&B55 -> 10.51.90.124 | J55: 보조DNS서버 | K55: 8.8.8.8
B56: 125 | C56: 박채은 | D56: =IFERROR(VLOOKUP(C56,'정보화기기 명부'!A$2:B$138,2,FALSE),"") -> 1학년부 | E56: =IFERROR(VLOOKUP(C56,PC!A$1:K$436,2,FALSE),"") -> 202504-0951 | F56: 삼성NT750XGK-KG71G | G56: =IFERROR(VLOOKUP(C56,PC!$A$1:$K$436,3,FALSE),"") -> 노트북 | H56: =$A$2&B56 -> 10.51.90.125
B57: 126 | C57: 김용숙 | D57: =IFERROR(VLOOKUP(C57,'정보화기기 명부'!A$2:B$138,2,FALSE),"") -> 수리과학부 | E57: =IFERROR(VLOOKUP(C57,PC!A$1:K$436,2,FALSE),"") -> 202208-0909 | F57: =IFERROR(VLOOKUP(C57,PC!A$1:K$436,7,FALSE)&" "&VLOOKUP(C57,PC!A$1:K$436,6,FALSE),"") -> 삼보 N5800-G050-OU02 | G57: =IFERROR(VLOOKUP(C57,PC!$A$1:$K$436,3,FALSE),"") -> 노트북 | H57: =$A$2&B57 -> 10.51.90.126
B58: 127 | C58: 고가영1 | D58: =IFERROR(VLOOKUP(C58,'정보화기기 명부'!A$2:B$138,2,FALSE),"") | E58: =IFERROR(VLOOKUP(C58,PC!A$1:K$436,2,FALSE),"") -> 20250708-0808 | F58: =IFERROR(VLOOKUP(C58,PC!A$1:K$436,7,FALSE)&" "&VLOOKUP(C58,PC!A$1:K$436,6,FALSE),"") -> 대우루컴즈 DS361A-245430 | G58: =IFERROR(VLOOKUP(C58,PC!$A$1:$K$436,3,FALSE),"") -> 데스크톱 | H58: =$A$2&B58 -> 10.51.90.127
B59: 128 | C59: 고가영2 | D59: =IFERROR(VLOOKUP(C59,'정보화기기 명부'!A$2:B$138,2,FALSE),"") | E59: =IFERROR(VLOOKUP(C59,PC!A$1:K$436,2,FALSE),"") -> 20190927-0807 | F59: =IFERROR(VLOOKUP(C59,PC!A$1:K$436,7,FALSE)&" "&VLOOKUP(C59,PC!A$1:K$436,6,FALSE),"") -> 레드스톤 VITO RMS-565S | G59: =IFERROR(VLOOKUP(C59,PC!$A$1:$K$436,3,FALSE),"") -> 데스크톱 | H59: =$A$2&B59 -> 10.51.90.128
B60: 129 | C60: 고가영3 | D60: =IFERROR(VLOOKUP(C60,'정보화기기 명부'!A$2:B$138,2,FALSE),"") | E60: =IFERROR(VLOOKUP(C60,PC!A$1:K$436,2,FALSE),"") | F60: =IFERROR(VLOOKUP(C60,PC!A$1:K$436,7,FALSE)&" "&VLOOKUP(C60,PC!A$1:K$436,6,FALSE),"") | G60: =IFERROR(VLOOKUP(C60,PC!$A$1:$K$436,3,FALSE),"") | H60: =$A$2&B60 -> 10.51.90.129
B61: 130 | C61: 도서실 수업용 | D61: =IFERROR(VLOOKUP(C61,'정보화기기 명부'!A$2:B$138,2,FALSE),"") -> 도서실 | E61: =IFERROR(VLOOKUP(C61,PC!A$1:K$436,2,FALSE),"") -> 20180918-0786 | F61: =IFERROR(VLOOKUP(C61,PC!A$1:K$436,7,FALSE)&" "&VLOOKUP(C61,PC!A$1:K$436,6,FALSE),"") -> 에이텍 A6SBG6P | G61: =IFERROR(VLOOKUP(C61,PC!$A$1:$K$436,3,FALSE),"") -> 데스크톱 | H61: =$A$2&B61 -> 10.51.90.130
B62: 131 | C62: 임우혁 | D62: =IFERROR(VLOOKUP(C62,'정보화기기 명부'!A$2:B$138,2,FALSE),"") -> 교육과정부 | E62: =IFERROR(VLOOKUP(C62,PC!A$1:K$436,2,FALSE),"") -> 202208-0906 | F62: =IFERROR(VLOOKUP(C62,PC!A$1:K$436,7,FALSE)&" "&VLOOKUP(C62,PC!A$1:K$436,6,FALSE),"") -> 삼보 N5800-G050-OU02 | G62: =IFERROR(VLOOKUP(C62,PC!$A$1:$K$436,3,FALSE),"") -> 노트북 | H62: =$A$2&B62 -> 10.51.90.131
B63: 132 | C63: 민별 | D63: =IFERROR(VLOOKUP(C63,'정보화기기 명부'!A$2:B$138,2,FALSE),"") -> - | E63: =IFERROR(VLOOKUP(C63,PC!A$1:K$436,2,FALSE),"") -> 202512-0957 | F63: =IFERROR(VLOOKUP(C63,PC!A$1:K$436,7,FALSE)&" "&VLOOKUP(C63,PC!A$1:K$436,6,FALSE),"") -> 삼성 NT750XGK-KG76P | G63: =IFERROR(VLOOKUP(C63,PC!$A$1:$K$436,3,FALSE),"") -> 노트북 | H63: =$A$2&B63 -> 10.51.90.132
B64: 133 | C64: 이수경 | D64: =IFERROR(VLOOKUP(C64,'정보화기기 명부'!A$2:B$138,2,FALSE),"") -> 3학년부 | E64: =IFERROR(VLOOKUP(C64,PC!A$1:K$436,2,FALSE),"") -> 202203-0904 | F64: =IFERROR(VLOOKUP(C64,PC!A$1:K$436,7,FALSE)&" "&VLOOKUP(C64,PC!A$1:K$436,6,FALSE),"") -> 삼성 NT550XDA-KG01G | G64: =IFERROR(VLOOKUP(C64,PC!$A$1:$K$436,3,FALSE),"") -> 노트북 | H64: =$A$2&B64 -> 10.51.90.133
B65: 134 | C65: 최보름 | D65: =IFERROR(VLOOKUP(C65,'정보화기기 명부'!A$2:B$138,2,FALSE),"") -> 교무기획부 | E65: =IFERROR(VLOOKUP(C65,PC!A$1:K$436,2,FALSE),"") | F65: =IFERROR(VLOOKUP(C65,PC!A$1:K$436,7,FALSE)&" "&VLOOKUP(C65,PC!A$1:K$436,6,FALSE),"") | G65: =IFERROR(VLOOKUP(C65,PC!$A$1:$K$436,3,FALSE),"") | H65: =$A$2&B65 -> 10.51.90.134
B66: 135 | C66: 김연옥 | D66: =IFERROR(VLOOKUP(C66,'정보화기기 명부'!A$2:B$138,2,FALSE),"") -> 수리과학부 | E66: =IFERROR(VLOOKUP(C66,PC!A$1:K$436,2,FALSE),"") -> 20170705-0746 | F66: =IFERROR(VLOOKUP(C66,PC!A$1:K$436,7,FALSE)&" "&VLOOKUP(C66,PC!A$1:K$436,6,FALSE),"") -> 삼성 NT300E5L-K51G | G66: =IFERROR(VLOOKUP(C66,PC!$A$1:$K$436,3,FALSE),"") -> 노트북 | H66: =$A$2&B66 -> 10.51.90.135
B67: 136 | C67: 김태형 | D67: =IFERROR(VLOOKUP(C67,'정보화기기 명부'!A$2:B$138,2,FALSE),"") -> 학생인권안전부 | E67: =IFERROR(VLOOKUP(C67,PC!A$1:K$436,2,FALSE),"") -> 202208-0911 | F67: =IFERROR(VLOOKUP(C67,PC!A$1:K$436,7,FALSE)&" "&VLOOKUP(C67,PC!A$1:K$436,6,FALSE),"") -> 삼보 N5800-G050-OU02 | G67: =IFERROR(VLOOKUP(C67,PC!$A$1:$K$436,3,FALSE),"") -> 노트북 | H67: =$A$2&B67 -> 10.51.90.136
B68: 137 | D68: =IFERROR(VLOOKUP(C68,'정보화기기 명부'!A$2:B$138,2,FALSE),"") | E68: =IFERROR(VLOOKUP(C68,PC!A$1:K$436,2,FALSE),"") | F68: =IFERROR(VLOOKUP(C68,PC!A$1:K$436,7,FALSE)&" "&VLOOKUP(C68,PC!A$1:K$436,6,FALSE),"") | G68: =IFERROR(VLOOKUP(C68,PC!$A$1:$K$436,3,FALSE),"") | H68: =$A$2&B68 -> 10.51.90.137
A69: 추가 | B69: 138 | C69: 도서관 | G69: =IFERROR(VLOOKUP(C69,PC!$A$1:$K$436,3,FALSE),"") | H69: =$A$2&B69 -> 10.51.90.138
B70: 139 | C70: 이용화 | D70: =IFERROR(VLOOKUP(C70,'정보화기기 명부'!A$2:B$138,2,FALSE),"") -> 3학년부 | E70: =IFERROR(VLOOKUP(C70,PC!A$1:K$436,2,FALSE),"") | F70: =IFERROR(VLOOKUP(C70,PC!A$1:K$436,7,FALSE)&" "&VLOOKUP(C70,PC!A$1:K$436,6,FALSE),"") | G70: =IFERROR(VLOOKUP(C70,PC!$A$1:$K$436,3,FALSE),"") | H70: =$A$2&B70 -> 10.51.90.139
B71: 140 | C71: 원영주 | D71: =IFERROR(VLOOKUP(C71,'정보화기기 명부'!A$2:B$138,2,FALSE),"") -> 1학년부 | E71: =IFERROR(VLOOKUP(C71,PC!A$1:K$436,2,FALSE),"") -> 202402-0933 | F71: =IFERROR(VLOOKUP(C71,PC!A$1:K$436,7,FALSE)&" "&VLOOKUP(C71,PC!A$1:K$436,6,FALSE),"") -> 삼성 NT550XDA-KG11G | G71: =IFERROR(VLOOKUP(C71,PC!$A$1:$K$436,3,FALSE),"") -> 노트북 | H71: =$A$2&B71 -> 10.51.90.140
B72: 141 | C72: 허담언 | D72: =IFERROR(VLOOKUP(C72,'정보화기기 명부'!A$2:B$138,2,FALSE),"") -> 인문사회부 | E72: =IFERROR(VLOOKUP(C72,PC!A$1:K$436,2,FALSE),"") -> 202503-0945 | F72: 삼성NT750XGK-KG71G | G72: =IFERROR(VLOOKUP(C72,PC!$A$1:$K$436,3,FALSE),"") -> 노트북 | H72: =$A$2&B72 -> 10.51.90.141
B73: 142 | C73: 정현숙 | D73: =IFERROR(VLOOKUP(C73,'정보화기기 명부'!A$2:B$138,2,FALSE),"") -> 1학년부 | E73: =IFERROR(VLOOKUP(C73,PC!A$1:K$436,2,FALSE),"") -> 202208-0914 | F73: =IFERROR(VLOOKUP(C73,PC!A$1:K$436,7,FALSE)&" "&VLOOKUP(C73,PC!A$1:K$436,6,FALSE),"") -> 삼보 N5800-G050-OU02 | G73: =IFERROR(VLOOKUP(C73,PC!$A$1:$K$436,3,FALSE),"") -> 노트북 | H73: =$A$2&B73 -> 10.51.90.142
B74: 143 | C74: 김주영 | D74: =IFERROR(VLOOKUP(C74,'정보화기기 명부'!A$2:B$138,2,FALSE),"") -> 3학년부 | E74: =IFERROR(VLOOKUP(C74,PC!A$1:K$436,2,FALSE),"") -> 202402-0931 | F74: =IFERROR(VLOOKUP(C74,PC!A$1:K$436,7,FALSE)&" "&VLOOKUP(C74,PC!A$1:K$436,6,FALSE),"") -> 삼성 NT550XDA-KG11G | G74: =IFERROR(VLOOKUP(C74,PC!$A$1:$K$436,3,FALSE),"") -> 노트북 | H74: =$A$2&B74 -> 10.51.90.143
B75: 144 | C75: 교장선 노트북 | D75: =IFERROR(VLOOKUP(C75,'정보화기기 명부'!A$2:B$138,2,FALSE),"") -> 교장실 | E75: =IFERROR(VLOOKUP(C75,PC!A$1:K$436,2,FALSE),"") -> 20220905-0915 | F75: =IFERROR(VLOOKUP(C75,PC!A$1:K$436,7,FALSE)&" "&VLOOKUP(C75,PC!A$1:K$436,6,FALSE),"") -> 삼성 NT550XDA-KG03G | G75: =IFERROR(VLOOKUP(C75,PC!$A$1:$K$436,3,FALSE),"") -> 노트북 | H75: =$A$2&B75 -> 10.51.90.144
B76: 145 | C76: 최용주 | D76: =IFERROR(VLOOKUP(C76,'정보화기기 명부'!A$2:B$138,2,FALSE),"") -> 2학년부 | E76: =IFERROR(VLOOKUP(C76,PC!A$1:K$436,2,FALSE),"") -> 202409-0940 | F76: =IFERROR(VLOOKUP(C76,PC!A$1:K$436,7,FALSE)&" "&VLOOKUP(C76,PC!A$1:K$436,6,FALSE),"") -> 삼성 NT750XGK-KG51G | G76: =IFERROR(VLOOKUP(C76,PC!$A$1:$K$436,3,FALSE),"") -> 노트북 | H76: =$A$2&B76 -> 10.51.90.145
B77: 146 | C77: 권예란 | D77: =IFERROR(VLOOKUP(C77,'정보화기기 명부'!A$2:B$138,2,FALSE),"") -> 2학년부 | E77: =IFERROR(VLOOKUP(C77,PC!A$1:K$436,2,FALSE),"") -> 202504-0952 | F77: 삼성NT750XGK-KG71G | G77: =IFERROR(VLOOKUP(C77,PC!$A$1:$K$436,3,FALSE),"") -> 노트북 | H77: =$A$2&B77 -> 10.51.90.146
B78: 147 | C78: 황종수 | D78: =IFERROR(VLOOKUP(C78,'정보화기기 명부'!A$2:B$138,2,FALSE),"") -> 야구부합숙소 | E78: =IFERROR(VLOOKUP(C78,PC!A$1:K$436,2,FALSE),"") -> 20160107-0774 | F78: =IFERROR(VLOOKUP(C78,PC!A$1:K$436,7,FALSE)&" "&VLOOKUP(C78,PC!A$1:K$436,6,FALSE),"") -> 다나와컴퓨터 TSF-P16MBC | G78: =IFERROR(VLOOKUP(C78,PC!$A$1:$K$436,3,FALSE),"") -> 데스크톱 | H78: =$A$2&B78 -> 10.51.90.147
B79: 148 | C79: 구 송성수 | D79: =IFERROR(VLOOKUP(C79,'정보화기기 명부'!A$2:B$138,2,FALSE),"") | E79: =IFERROR(VLOOKUP(C79,PC!A$1:K$436,2,FALSE),"") -> 20170328-0775 | F79: =IFERROR(VLOOKUP(C79,PC!A$1:K$436,7,FALSE)&" "&VLOOKUP(C79,PC!A$1:K$436,6,FALSE),"") -> 엘지 CN/15Z960-GP50KN | G79: =IFERROR(VLOOKUP(C79,PC!$A$1:$K$436,3,FALSE),"") -> 노트북 | H79: =$A$2&B79 -> 10.51.90.148
B80: 149 | C80: 임순영 | D80: =IFERROR(VLOOKUP(C80,'정보화기기 명부'!A$2:B$138,2,FALSE),"") -> 2학년부 | E80: =IFERROR(VLOOKUP(C80,PC!A$1:K$436,2,FALSE),"") | F80: =IFERROR(VLOOKUP(C80,PC!A$1:K$436,7,FALSE)&" "&VLOOKUP(C80,PC!A$1:K$436,6,FALSE),"") | G80: =IFERROR(VLOOKUP(C80,PC!$A$1:$K$436,3,FALSE),"") | H80: =$A$2&B80 -> 10.51.90.149
B81: 150 | C81: 탁지완 | D81: =IFERROR(VLOOKUP(C81,'정보화기기 명부'!A$2:B$138,2,FALSE),"") -> 2층 교무실 | E81: =IFERROR(VLOOKUP(C81,PC!A$1:K$436,2,FALSE),"") -> 20191224-0809 | F81: =IFERROR(VLOOKUP(C81,PC!A$1:K$436,7,FALSE)&" "&VLOOKUP(C81,PC!A$1:K$436,6,FALSE),"") -> 엘지 CN/15UG470-MP5SKN | G81: =IFERROR(VLOOKUP(C81,PC!$A$1:$K$436,3,FALSE),"") -> 노트북 | H81: =$A$2&B81 -> 10.51.90.150
B82: 151 | C82: 구 신선아 | D82: =IFERROR(VLOOKUP(C82,'정보화기기 명부'!A$2:B$138,2,FALSE),"") -> 교육과정부 | E82: =IFERROR(VLOOKUP(C82,PC!A$1:K$436,2,FALSE),"") -> 20170404-0744 | F82: =IFERROR(VLOOKUP(C82,PC!A$1:K$436,7,FALSE)&" "&VLOOKUP(C82,PC!A$1:K$436,6,FALSE),"") -> 삼성 NT500R5L-M01G | G82: =IFERROR(VLOOKUP(C82,PC!$A$1:$K$436,3,FALSE),"") -> 노트북 | H82: =$A$2&B82 -> 10.51.90.151
B83: 152 | C83: 전혜림 | D83: =IFERROR(VLOOKUP(C83,'정보화기기 명부'!A$2:B$138,2,FALSE),"") -> 3학년부 | E83: =IFERROR(VLOOKUP(C83,PC!A$1:K$436,2,FALSE),"") -> 202402-0922 | F83: =IFERROR(VLOOKUP(C83,PC!A$1:K$436,7,FALSE)&" "&VLOOKUP(C83,PC!A$1:K$436,6,FALSE),"") -> 삼성 NT550XDA-KG11G | G83: =IFERROR(VLOOKUP(C83,PC!$A$1:$K$436,3,FALSE),"") -> 노트북 | H83: =$A$2&B83 -> 10.51.90.152
B84: 153 | C84: 교생 프린트용 | D84: =IFERROR(VLOOKUP(C84,'정보화기기 명부'!A$2:B$138,2,FALSE),"") | E84: =IFERROR(VLOOKUP(C84,PC!A$1:K$436,2,FALSE),"") | F84: =IFERROR(VLOOKUP(C84,PC!A$1:K$436,7,FALSE)&" "&VLOOKUP(C84,PC!A$1:K$436,6,FALSE),"") | G84: 노트북 | H84: =$A$2&B84 -> 10.51.90.153 | I84: 임시
B85: 154 | C85: 윤은옥 | D85: 수리과학부 | E85: =IFERROR(VLOOKUP(C85,PC!A$1:K$436,2,FALSE),"") -> 202503-0946 | F85: 삼성NT750XGK-KG71G | G85: 노트북 | H85: =$A$2&B85 -> 10.51.90.154
B86: 155 | C86: 대교협 서버 | D86: =IFERROR(VLOOKUP(C86,'정보화기기 명부'!A$2:B$138,2,FALSE),"") -> 3학년부 | E86: =IFERROR(VLOOKUP(C86,PC!A$1:K$436,2,FALSE),"") -> 20150223-0662 | F86: =IFERROR(VLOOKUP(C86,PC!A$1:K$436,7,FALSE)&" "&VLOOKUP(C86,PC!A$1:K$436,6,FALSE),"") -> 삼성 NT550P7C-S04G | G86: =IFERROR(VLOOKUP(C86,PC!$A$1:$K$436,3,FALSE),"") -> 노트북 | H86: =$A$2&B86 -> 10.51.90.155 | I86: 노트북 폐기 | J86: 현재 레드스톤2019
B87: 156 | C87: 5층 통합지원실2 | D87: =IFERROR(VLOOKUP(#REF!,'정보화기기 명부'!A$2:B$138,2,FALSE),"") | E87: =IFERROR(VLOOKUP(#REF!,PC!A$1:K$436,2,FALSE),"") | F87: 일체형컴퓨터 | G87: =IFERROR(VLOOKUP(#REF!,PC!$A$1:$K$436,3,FALSE),"") | H87: =$A$2&B87 -> 10.51.90.156
B88: 157 | H88: =$A$2&B88 -> 10.51.90.157
B89: 158 | C89: 오현석 | D89: =IFERROR(VLOOKUP(C89,'정보화기기 명부'!A$2:B$138,2,FALSE),"") -> 공익 | E89: =IFERROR(VLOOKUP(C89,PC!A$1:K$436,2,FALSE),"") | F89: =IFERROR(VLOOKUP(C89,PC!A$1:K$436,7,FALSE)&" "&VLOOKUP(C89,PC!A$1:K$436,6,FALSE),"") | G89: =IFERROR(VLOOKUP(C89,PC!$A$1:$K$436,3,FALSE),"") | H89: =$A$2&B89 -> 10.51.90.158
B90: 159 | C90: - | D90: =IFERROR(VLOOKUP(C90,'정보화기기 명부'!A$2:B$138,2,FALSE),"") | E90: =IFERROR(VLOOKUP(C90,PC!A$1:K$436,2,FALSE),"") | F90: =IFERROR(VLOOKUP(C90,PC!A$1:K$436,7,FALSE)&" "&VLOOKUP(C90,PC!A$1:K$436,6,FALSE),"") | G90: =IFERROR(VLOOKUP(C90,PC!$A$1:$K$436,3,FALSE),"") | H90: =$A$2&B90 -> 10.51.90.159
B91: 160 | C91: 3학년 외부강사용 | D91: =IFERROR(VLOOKUP(C91,'정보화기기 명부'!A$2:B$138,2,FALSE),"") -> 3학년부 | E91: =IFERROR(VLOOKUP(C91,PC!A$1:K$436,2,FALSE),"") -> 20170101-0734 | F91: =IFERROR(VLOOKUP(C91,PC!A$1:K$436,7,FALSE)&" "&VLOOKUP(C91,PC!A$1:K$436,6,FALSE),"") -> 삼성 NT500R5L-M01G | G91: =IFERROR(VLOOKUP(C91,PC!$A$1:$K$436,3,FALSE),"") -> 노트북 | H91: =$A$2&B91 -> 10.51.90.160
B92: 161 | C92: 황근우 | D92: =IFERROR(VLOOKUP(C92,'정보화기기 명부'!A$2:B$138,2,FALSE),"") -> 특수교육부 | E92: =IFERROR(VLOOKUP(C92,PC!A$1:K$436,2,FALSE),"") -> 20191224-0811 | F92: =IFERROR(VLOOKUP(C92,PC!A$1:K$436,7,FALSE)&" "&VLOOKUP(C92,PC!A$1:K$436,6,FALSE),"") -> 엘지 CN/15UG470-MP5SKN | G92: =IFERROR(VLOOKUP(C92,PC!$A$1:$K$436,3,FALSE),"") -> 노트북 | H92: =$A$2&B92 -> 10.51.90.161
B93: 162 | C93: - | D93: =IFERROR(VLOOKUP(C93,'정보화기기 명부'!A$2:B$138,2,FALSE),"") | E93: =IFERROR(VLOOKUP(C93,PC!A$1:K$436,2,FALSE),"") | F93: =IFERROR(VLOOKUP(C93,PC!A$1:K$436,7,FALSE)&" "&VLOOKUP(C93,PC!A$1:K$436,6,FALSE),"") | G93: =IFERROR(VLOOKUP(C93,PC!$A$1:$K$436,3,FALSE),"") | H93: =$A$2&B93 -> 10.51.90.162
B94: 163 | C94: 김채은 | D94: =IFERROR(VLOOKUP(C94,'정보화기기 명부'!A$2:B$138,2,FALSE),"") -> 2학년부 | E94: =IFERROR(VLOOKUP(C94,PC!A$1:K$436,2,FALSE),"") -> 202402-0926 | F94: =IFERROR(VLOOKUP(C94,PC!A$1:K$436,7,FALSE)&" "&VLOOKUP(C94,PC!A$1:K$436,6,FALSE),"") -> 삼성 NT550XDA-KG11G | G94: =IFERROR(VLOOKUP(C94,PC!$A$1:$K$436,3,FALSE),"") -> 노트북 | H94: =$A$2&B94 -> 10.51.90.163
B95: 164 | C95: 박혜리 | D95: =IFERROR(VLOOKUP(C95,'정보화기기 명부'!A$2:B$138,2,FALSE),"") -> 특수교육부 | E95: 2023 | F95: =IFERROR(VLOOKUP(C95,PC!A$1:K$436,7,FALSE)&" "&VLOOKUP(C95,PC!A$1:K$436,6,FALSE),"") -> 삼성 NT550XED-KG01G | G95: 노트북 | H95: =$A$2&B95 -> 10.51.90.164
B96: 165 | C96: 박수진 | D96: =IFERROR(VLOOKUP(C96,'정보화기기 명부'!A$2:B$138,2,FALSE),"") -> - | E96: 2023 | F96: 삼성 NT550XED-KG01G | G96: 노트북 | H96: =$A$2&B96 -> 10.51.90.165
B97: 166 | C97: - | D97: =IFERROR(VLOOKUP(C97,'정보화기기 명부'!A$2:B$138,2,FALSE),"") | E97: =IFERROR(VLOOKUP(C97,PC!A$1:K$436,2,FALSE),"") | F97: =IFERROR(VLOOKUP(C97,PC!A$1:K$436,7,FALSE)&" "&VLOOKUP(C97,PC!A$1:K$436,6,FALSE),"") | G97: 임대복합기 | H97: =$A$2&B97 -> 10.51.90.166
B98: 167 | C98: - | D98: =IFERROR(VLOOKUP(C98,'정보화기기 명부'!A$2:B$138,2,FALSE),"") | E98: =IFERROR(VLOOKUP(C98,PC!A$1:K$436,2,FALSE),"") | F98: =IFERROR(VLOOKUP(C98,PC!A$1:K$436,7,FALSE)&" "&VLOOKUP(C98,PC!A$1:K$436,6,FALSE),"") | G98: 임대복합기 | H98: =$A$2&B98 -> 10.51.90.167
B99: 168 | C99: - | D99: =IFERROR(VLOOKUP(C99,'정보화기기 명부'!A$2:B$138,2,FALSE),"") | E99: =IFERROR(VLOOKUP(C99,PC!A$1:K$436,2,FALSE),"") | F99: =IFERROR(VLOOKUP(C99,PC!A$1:K$436,7,FALSE)&" "&VLOOKUP(C99,PC!A$1:K$436,6,FALSE),"") | G99: 임대복합기 | H99: =$A$2&B99 -> 10.51.90.168
B100: 169 | C100: 감사장(5/27~29) | D100: =IFERROR(VLOOKUP(C100,'정보화기기 명부'!A$2:B$138,2,FALSE),"") | E100: =IFERROR(VLOOKUP(C100,PC!A$1:K$436,2,FALSE),"") | F100: =IFERROR(VLOOKUP(C100,PC!A$1:K$436,7,FALSE)&" "&VLOOKUP(C100,PC!A$1:K$436,6,FALSE),"") | G100: =IFERROR(VLOOKUP(C100,PC!$A$1:$K$436,3,FALSE),"") | H100: =$A$2&B100 -> 10.51.90.169 | I100: 상담실노트북
...

Sheet 학생용 IP
A1: 대역 | B1: IP | C1: 관리자 | D1: 기 종 | E1: 관리번호
A2: 10.54.36. | B2: 1 | G2: =$A$2&B2 -> 10.54.36.1
B3: 2 | G3: =$A$2&B3 -> 10.54.36.2
B4: 3 | G4: =$A$2&B4 -> 10.54.36.3
B5: 4 | G5: =$A$2&B5 -> 10.54.36.4
B6: 5 | G6: =$A$2&B6 -> 10.54.36.5
B7: 6 | G7: =$A$2&B7 -> 10.54.36.6
B8: 7 | G8: =$A$2&B8 -> 10.54.36.7
B9: 8 | G9: =$A$2&B9 -> 10.54.36.8
B10: 9 | G10: =$A$2&B10 -> 10.54.36.9
B11: 10 | C11: 정보과학실 교사용 | D11: =IFERROR((VLOOKUP(C11,PC!$A$1:$K$436,7,FALSE)&" "&VLOOKUP(C11,PC!$A$1:$K$436,6,FALSE)),"") -> 레드스톤 VITO RMS-565S | E11: =IFERROR(VLOOKUP(C11,PC!$A$1:$K$436,2,FALSE),"") -> 20190927-0798 | F11: 수리과학부 | G11: =$A$2&B11 -> 10.54.36.10
B12: 11 | C12: 지구과학실험실 교사용 | D12: =IFERROR((VLOOKUP(C12,PC!$A$1:$K$436,7,FALSE)&" "&VLOOKUP(C12,PC!$A$1:$K$436,6,FALSE)),"") -> 성주컴텍 SD100-GCR22S | E12: =IFERROR(VLOOKUP(C12,PC!$A$1:$K$436,2,FALSE),"") -> 20201102-0883 | G12: =$A$2&B12 -> 10.54.36.11
B13: 12 | C13: 생명과학실험실 교사용 | D13: =IFERROR((VLOOKUP(C13,PC!$A$1:$K$436,7,FALSE)&" "&VLOOKUP(C13,PC!$A$1:$K$436,6,FALSE)),"") -> 성주컴텍 SD100-GCR22S | E13: =IFERROR(VLOOKUP(C13,PC!$A$1:$K$436,2,FALSE),"") -> 20201102-0882 | G13: =$A$2&B13 -> 10.54.36.12
B14: 13 | C14: 화학실험실 교사용 | D14: =IFERROR((VLOOKUP(C14,PC!$A$1:$K$436,7,FALSE)&" "&VLOOKUP(C14,PC!$A$1:$K$436,6,FALSE)),"") -> 성주컴텍 SD100-GCR22S | E14: =IFERROR(VLOOKUP(C14,PC!$A$1:$K$436,2,FALSE),"") -> 20201102-0881 | G14: =$A$2&B14 -> 10.54.36.13
B15: 14 | C15: 물리실험실 교사용 | D15: =IFERROR((VLOOKUP(C15,PC!$A$1:$K$436,7,FALSE)&" "&VLOOKUP(C15,PC!$A$1:$K$436,6,FALSE)),"") -> 성주컴텍 SD100-GCR22S | E15: =IFERROR(VLOOKUP(C15,PC!$A$1:$K$436,2,FALSE),"") -> 20201102-0880 | G15: =$A$2&B15 -> 10.54.36.14
B16: 15 | C16: 정보과학실 학생용 1 | D16: =IFERROR((VLOOKUP(C16,PC!$A$1:$K$436,7,FALSE)&" "&VLOOKUP(C16,PC!$A$1:$K$436,6,FALSE)),"") -> 레드스톤 VITO RMS-565S | E16: =IFERROR(VLOOKUP(C16,PC!$A$1:$K$436,2,FALSE),"") -> 20190927-0795 | G16: =$A$2&B16 -> 10.54.36.15
B17: 16 | C17: 정보과학실 학생용 2 | D17: =IFERROR((VLOOKUP(C17,PC!$A$1:$K$436,7,FALSE)&" "&VLOOKUP(C17,PC!$A$1:$K$436,6,FALSE)),"") -> 레드스톤 VITO RMS-565S | E17: =IFERROR(VLOOKUP(C17,PC!$A$1:$K$436,2,FALSE),"") -> 20190927-0796 | G17: =$A$2&B17 -> 10.54.36.16
B18: 17 | C18: 정보과학실 학생용 3 | D18: =IFERROR((VLOOKUP(C18,PC!$A$1:$K$436,7,FALSE)&" "&VLOOKUP(C18,PC!$A$1:$K$436,6,FALSE)),"") -> 레드스톤 VITO RMS-565S | E18: =IFERROR(VLOOKUP(C18,PC!$A$1:$K$436,2,FALSE),"") -> 20190927-0797 | G18: =$A$2&B18 -> 10.54.36.17
B19: 18 | C19: 정보과학실 학생용 4 | D19: =IFERROR((VLOOKUP(C19,PC!$A$1:$K$436,7,FALSE)&" "&VLOOKUP(C19,PC!$A$1:$K$436,6,FALSE)),"") -> 삼보 DG375-GA31-0BPS | E19: =IFERROR(VLOOKUP(C19,PC!$A$1:$K$436,2,FALSE),"") -> 20220117-0896 | G19: =$A$2&B19 -> 10.54.36.18
B20: 19 | C20: 정보과학실 학생용 5 | D20: =IFERROR((VLOOKUP(C20,PC!$A$1:$K$436,7,FALSE)&" "&VLOOKUP(C20,PC!$A$1:$K$436,6,FALSE)),"") -> 삼보 DG375-GA31-0BPS | E20: =IFERROR(VLOOKUP(C20,PC!$A$1:$K$436,2,FALSE),"") -> 20220117-0897 | G20: =$A$2&B20 -> 10.54.36.19
B21: 20 | C21: 정보과학실 학생용 6 | D21: =IFERROR((VLOOKUP(C21,PC!$A$1:$K$436,7,FALSE)&" "&VLOOKUP(C21,PC!$A$1:$K$436,6,FALSE)),"") -> 삼보 DG375-GA31-0BPS | E21: =IFERROR(VLOOKUP(C21,PC!$A$1:$K$436,2,FALSE),"") -> 20220117-0898 | G21: =$A$2&B21 -> 10.54.36.20
B22: 21 | C22: 정보과학실 학생용 7 | D22: =IFERROR((VLOOKUP(C22,PC!$A$1:$K$436,7,FALSE)&" "&VLOOKUP(C22,PC!$A$1:$K$436,6,FALSE)),"") -> 삼보 DG375-GA31-0BPS | E22: =IFERROR(VLOOKUP(C22,PC!$A$1:$K$436,2,FALSE),"") -> 20220117-0899 | G22: =$A$2&B22 -> 10.54.36.21
B23: 22 | C23: 정보과학실 학생용 8 | D23: =IFERROR((VLOOKUP(C23,PC!$A$1:$K$436,7,FALSE)&" "&VLOOKUP(C23,PC!$A$1:$K$436,6,FALSE)),"") -> 삼보 DG375-GA31-0BPS | E23: =IFERROR(VLOOKUP(C23,PC!$A$1:$K$436,2,FALSE),"") -> 20220117-0900 | G23: =$A$2&B23 -> 10.54.36.22
B24: 23 | D24: =IFERROR((VLOOKUP(C24,PC!$A$1:$K$436,7,FALSE)&" "&VLOOKUP(C24,PC!$A$1:$K$436,6,FALSE)),"") | E24: =IFERROR(VLOOKUP(C24,PC!$A$1:$K$436,2,FALSE),"") | G24: =$A$2&B24 -> 10.54.36.23
B25: 24 | D25: =IFERROR((VLOOKUP(C25,PC!$A$1:$K$436,7,FALSE)&" "&VLOOKUP(C25,PC!$A$1:$K$436,6,FALSE)),"") | E25: =IFERROR(VLOOKUP(C25,PC!$A$1:$K$436,2,FALSE),"") | G25: =$A$2&B25 -> 10.54.36.24
B26: 25 | G26: =$A$2&B26 -> 10.54.36.25
B27: 26 | G27: =$A$2&B27 -> 10.54.36.26
B28: 27 | G28: =$A$2&B28 -> 10.54.36.27
B29: 28 | G29: =$A$2&B29 -> 10.54.36.28
B30: 29 | G30: =$A$2&B30 -> 10.54.36.29
B31: 30 | G31: =$A$2&B31 -> 10.54.36.30
B32: 31 | G32: =$A$2&B32 -> 10.54.36.31
B33: 32 | G33: =$A$2&B33 -> 10.54.36.32
B34: 33 | G34: =$A$2&B34 -> 10.54.36.33
B35: 34 | G35: =$A$2&B35 -> 10.54.36.34
B36: 35 | G36: =$A$2&B36 -> 10.54.36.35
B37: 36 | G37: =$A$2&B37 -> 10.54.36.36
... B51: 50 | G51: =$A$2&B51 -> 10.54.36.50
B52: 51 | C52: 검색용1 | D52: =IFERROR((VLOOKUP(C52,PC!$A$1:$K$436,7,FALSE)&" "&VLOOKUP(C52,PC!$A$1:$K$436,6,FALSE)),"") -> 레드스톤 VITO RMS-565S | E52: =IFERROR(VLOOKUP(C52,PC!$A$1:$K$436,2,FALSE),"") -> 20190927-0790 | F52: 도서실 | G52: =$A$2&B52 -> 10.54.36.51 | H52: 확인필요
B53: 52 | C53: 검색용2 | D53: =IFERROR((VLOOKUP(C53,PC!$A$1:$K$436,7,FALSE)&" "&VLOOKUP(C53,PC!$A$1:$K$436,6,FALSE)),"") -> 레드스톤 VITO RMS-565S | E53: =IFERROR(VLOOKUP(C53,PC!$A$1:$K$436,2,FALSE),"") -> 20190927-0791 | G53: =$A$2&B53 -> 10.54.36.52 | H53: 확인필요
B54: 53 | C54: 검색용3 | D54: =IFERROR((VLOOKUP(C54,PC!$A$1:$K$436,7,FALSE)&" "&VLOOKUP(C54,PC!$A$1:$K$436,6,FALSE)),"") -> 주연테크 JY-네이션스IA45K | E54: =IFERROR(VLOOKUP(C54,PC!$A$1:$K$436,2,FALSE),"") -> 20150825-0768 | G54: =$A$2&B54 -> 10.54.36.53 | H54: 확인필요
B55: 54 | C55: 검색용4 | D55: =IFERROR((VLOOKUP(C55,PC!$A$1:$K$436,7,FALSE)&" "&VLOOKUP(C55,PC!$A$1:$K$436,6,FALSE)),"") -> 주연테크 JY-네이션스IA45K | E55: =IFERROR(VLOOKUP(C55,PC!$A$1:$K$436,2,FALSE),"") -> 20150825-0769 | G55: =$A$2&B55 -> 10.54.36.54 | H55: 확인필요
B56: 55 | D56: =IFERROR((VLOOKUP(C56,PC!$A$1:$K$436,7,FALSE)&" "&VLOOKUP(C56,PC!$A$1:$K$436,6,FALSE)),"") | E56: =IFERROR(VLOOKUP(C56,PC!$A$1:$K$436,2,FALSE),"") | G56: =$A$2&B56 -> 10.54.36.55
B57: 56 | G57: =$A$2&B57 -> 10.54.36.56
B58: 57 | G58: =$A$2&B58 -> 10.54.36.57
B59: 58 | G59: =$A$2&B59 -> 10.54.36.58
B60: 59 | G60: =$A$2&B60 -> 10.54.36.59
B61: 60 | G61: =$A$2&B61 -> 10.54.36.60
B62: 61 | G62: =$A$2&B62 -> 10.54.36.61
B63: 62 | G63: =$A$2&B63 -> 10.54.36.62
B64: 63 | G64: =$A$2&B64 -> 10.54.36.63
B65: 64 | G65: =$A$2&B65 -> 10.54.36.64
B66: 65 | G66: =$A$2&B66 -> 10.54.36.65
B67: 66 | G67: =$A$2&B67 -> 10.54.36.66
B68: 67 | G68: =$A$2&B68 -> 10.54.36.67
... B71: 70 | G71: =$A$2&B71 -> 10.54.36.70
B72: 71 | C72: 특수교육실 실습용 1 | D72: =IFERROR((VLOOKUP(C72,PC!$A$1:$K$436,7,FALSE)&" "&VLOOKUP(C72,PC!$A$1:$K$436,6,FALSE)),"") -> 레드스톤 VITO RMS-565S | E72: =IFERROR(VLOOKUP(C72,PC!$A$1:$K$436,2,FALSE),"") -> 20190927-0799 | F72: 특수반 | G72: =$A$2&B72 -> 10.54.36.71
B73: 72 | C73: 특수교육실 실습용 2 | D73: =IFERROR((VLOOKUP(C73,PC!$A$1:$K$436,7,FALSE)&" "&VLOOKUP(C73,PC!$A$1:$K$436,6,FALSE)),"") -> 레드스톤 VITO RMS-565S | E73: =IFERROR(VLOOKUP(C73,PC!$A$1:$K$436,2,FALSE),"") -> 20190927-0800 | G73: =$A$2&B73 -> 10.54.36.72
B74: 73 | C74: 특수교육실 실습용 3 | D74: =IFERROR((VLOOKUP(C74,PC!$A$1:$K$436,7,FALSE)&" "&VLOOKUP(C74,PC!$A$1:$K$436,6,FALSE)),"") -> 레드스톤 VITO RMS-565S | E74: =IFERROR(VLOOKUP(C74,PC!$A$1:$K$436,2,FALSE),"") -> 20190927-0792 | G74: =$A$2&B74 -> 10.54.36.73
B75: 74 | C75: 특수교육실 실습용 4 | D75: =IFERROR((VLOOKUP(C75,PC!$A$1:$K$436,7,FALSE)&" "&VLOOKUP(C75,PC!$A$1:$K$436,6,FALSE)),"") -> 레드스톤 VITO RMS-565S | E75: =IFERROR(VLOOKUP(C75,PC!$A$1:$K$436,2,FALSE),"") -> 20190927-0793 | G75: =$A$2&B75 -> 10.54.36.74
B76: 75 | C76: 특수교육실 실습용 5 | D76: =IFERROR((VLOOKUP(C76,PC!$A$1:$K$436,7,FALSE)&" "&VLOOKUP(C76,PC!$A$1:$K$436,6,FALSE)),"") -> 레드스톤 VITO RMS-565S | E76: =IFERROR(VLOOKUP(C76,PC!$A$1:$K$436,2,FALSE),"") -> 20190927-0794 | G76: =$A$2&B76 -> 10.54.36.75
B77: 76 | D77: =IFERROR((VLOOKUP(C77,PC!$A$1:$K$436,7,FALSE)&" "&VLOOKUP(C77,PC!$A$1:$K$436,6,FALSE)),"") | E77: =IFERROR(VLOOKUP(C77,PC!$A$1:$K$436,2,FALSE),"") | G77: =$A$2&B77 -> 10.54.36.76
B78: 77 | G78: =$A$2&B78 -> 10.54.36.77
B79: 78 | G79: =$A$2&B79 -> 10.54.36.78
B80: 79 | G80: =$A$2&B80 -> 10.54.36.79
B81: 80 | G81: =$A$2&B81 -> 10.54.36.80
B82: 100 | C82: 진로탐색용 | D82: =IFERROR((VLOOKUP(C82,PC!$A$1:$K$436,7,FALSE)&" "&VLOOKUP(C82,PC!$A$1:$K$436,6,FALSE)),"") -> 삼성 NT370E5J-K06G | E82: =IFERROR(VLOOKUP(C82,PC!$A$1:$K$436,2,FALSE),"") -> 20160323-0695 | F82: 진학상담실 | G82: =$A$2&B82 -> 10.54.36.100
B83: 101 | G83: =$A$2&B83 -> 10.54.36.101
B84: 102 | C84: 방송실 편집용 | D84: =IFERROR((VLOOKUP(C84,PC!$A$1:$K$436,7,FALSE)&" "&VLOOKUP(C84,PC!$A$1:$K$436,6,FALSE)),"") -> 조립품 조립품 | E84: =IFERROR(VLOOKUP(C84,PC!$A$1:$K$436,2,FALSE),"") -> 20200925-0854 | F84: 방송실 | G84: =$A$2&B84 -> 10.54.36.102
B85: 103 | C85: 방송 시보용 | D85: =IFERROR((VLOOKUP(C85,PC!$A$1:$K$436,7,FALSE)&" "&VLOOKUP(C85,PC!$A$1:$K$436,6,FALSE)),"") -> 주연테크 JY-환타스틱IA49P | E85: =IFERROR(VLOOKUP(C85,PC!$A$1:$K$436,2,FALSE),"") -> 20161107-0763 | G85: =$A$2&B85 -> 10.54.36.103
B86: 104 | G86: =$A$2&B86 -> 10.54.36.104
B87: 105 | G87: =$A$2&B87 -> 10.54.36.105
B88: 106 | G88: =$A$2&B88 -> 10.54.36.106
B89: 107 | G89: =$A$2&B89 -> 10.54.36.107
B90: 108 | G90: =$A$2&B90 -> 10.54.36.108
B91: 109 | G91: =$A$2&B91 -> 10.54.36.109
B92: 110 | G92: =$A$2&B92 -> 10.54.36.110
B93: 111 | G93: =$A$2&B93 -> 10.54.36.111
B94: 112 | G94: =$A$2&B94 -> 10.54.36.112
B95: 113 | G95: =$A$2&B95 -> 10.54.36.113
B96: 114 | G96: =$A$2&B96 -> 10.54.36.114
B97: 115 | G97: =$A$2&B97 -> 10.54.36.115
... B114: 132 | G114: =$A$2&B114 -> 10.54.36.132
B115: 133 | C115: 검색용 | F115: 도서관 | G115: =$A$2&B115 -> 10.54.36.133 | H115: 2025년도 확인
B116: 134 | G116: =$A$2&B116 -> 10.54.36.134
B117: 135 | G117: =$A$2&B117 -> 10.54.36.135
B118: 136 | C118: 검색용 | F118: 도서관 | G118: =$A$2&B118 -> 10.54.36.136 | H118: 2025년도 확인
B119: 137 | G119: =$A$2&B119 -> 10.54.36.137
B120: 138 | G120: =$A$2&B120 -> 10.54.36.138
B121: 139 | G121: =$A$2&B121 -> 10.54.36.139
B122: 140 | G122: =$A$2&B122 -> 10.54.36.140
A123: 10.54.37. | B123: 100 | C123: 3컴교사용2 | D123: =IFERROR((VLOOKUP(C123,PC!$A$1:$K$436,7,FALSE)&" "&VLOOKUP(C123,PC!$A$1:$K$436,6,FALSE)),"") -> 엘지 B55PQ.AS5G20D | E123: =IFERROR(VLOOKUP(C123,PC!$A$1:$K$436,2,FALSE),"") -> 20120113-0568 | F123: 2층 컴퓨터실 | G123: =$A$123&B123 -> 10.54.37.100
B124: 101 | C124: 3층 실습용 01 | D124: =IFERROR((VLOOKUP(C124,PC!$A$1:$K$436,7,FALSE)&" "&VLOOKUP(C124,PC!$A$1:$K$436,6,FALSE)),"") -> 다나와컴퓨터 MHAA-AD-E7SAC | E124: =IFERROR(VLOOKUP(C124,PC!$A$1:$K$436,2,FALSE),"") -> 20200717-0817 | G124: =$A$123&B124 -> 10.54.37.101
B125: 102 | C125: 3층 실습용 02 | D125: =IFERROR((VLOOKUP(C125,PC!$A$1:$K$436,7,FALSE)&" "&VLOOKUP(C125,PC!$A$1:$K$436,6,FALSE)),"") -> 다나와컴퓨터 MHAA-AD-E7SAC | E125: =IFERROR(VLOOKUP(C125,PC!$A$1:$K$436,2,FALSE),"") -> 20200717-0818 | G125: =$A$123&B125 -> 10.54.37.102
B126: 103 | C126: 3층 실습용 03 | D126: =IFERROR((VLOOKUP(C126,PC!$A$1:$K$436,7,FALSE)&" "&VLOOKUP(C126,PC!$A$1:$K$436,6,FALSE)),"") -> 다나와컴퓨터 MHAA-AD-E7SAC | E126: =IFERROR(VLOOKUP(C126,PC!$A$1:$K$436,2,FALSE),"") -> 20200717-0819 | G126: =$A$123&B126 -> 10.54.37.103
B127: 104 | C127: 3층 실습용 04 | D127: =IFERROR((VLOOKUP(C127,PC!$A$1:$K$436,7,FALSE)&" "&VLOOKUP(C127,PC!$A$1:$K$436,6,FALSE)),"") -> 다나와컴퓨터 MHAA-AD-E7SAC | E127: =IFERROR(VLOOKUP(C127,PC!$A$1:$K$436,2,FALSE),"") -> 20200717-0820 | G127: =$A$123&B127 -> 10.54.37.104
B128: 105 | C128: 3층 실습용 05 | D128: =IFERROR((VLOOKUP(C128,PC!$A$1:$K$436,7,FALSE)&" "&VLOOKUP(C128,PC!$A$1:$K$436,6,FALSE)),"") -> 다나와컴퓨터 MHAA-AD-E7SAC | E128: =IFERROR(VLOOKUP(C128,PC!$A$1:$K$436,2,FALSE),"") -> 20200717-0821 | G128: =$A$123&B128 -> 10.54.37.105
B129: 106 | C129: 3층 실습용 06 | D129: =IFERROR((VLOOKUP(C129,PC!$A$1:$K$436,7,FALSE)&" "&VLOOKUP(C129,PC!$A$1:$K$436,6,FALSE)),"") -> 다나와컴퓨터 MHAA-AD-E7SAC | E129: =IFERROR(VLOOKUP(C129,PC!$A$1:$K$436,2,FALSE),"") -> 20200717-0822 | G129: =$A$123&B129 -> 10.54.37.106
B130: 107 | C130: 3층 실습용 07 | D130: =IFERROR((VLOOKUP(C130,PC!$A$1:$K$436,7,FALSE)&" "&VLOOKUP(C130,PC!$A$1:$K$436,6,FALSE)),"") -> 다나와컴퓨터 MHAA-AD-E7SAC | E130: =IFERROR(VLOOKUP(C130,PC!$A$1:$K$436,2,FALSE),"") -> 20200717-0823 | G130: =$A$123&B130 -> 10.54.37.107
B131: 108 | C131: 3층 실습용 08 | D131: =IFERROR((VLOOKUP(C131,PC!$A$1:$K$436,7,FALSE)&" "&VLOOKUP(C131,PC!$A$1:$K$436,6,FALSE)),"") -> 다나와컴퓨터 MHAA-AD-E7SAC | E131: =IFERROR(VLOOKUP(C131,PC!$A$1:$K$436,2,FALSE),"") -> 20200717-0824 | G131: =$A$123&B131 -> 10.54.37.108
...

Sheet 정보화기기 명부
A1: 성명 | B1: 부서
A2: 나정훈 | B2: 1학년부
A3: 오옥선 | B3: 1학년부
A4: 박채은 | B4: 1학년부
A5: 노병철 | B5: 1학년부
A6: 고민숙 | B6: 1학년부
A7: 황은선 | B7: 1학년부
A8: 윤선영 | B8: 1학년부
A9: 원영주 | B9: 1학년부
A10: 정현숙 | B10: 1학년부
A11: 원선일 | B11: 2층 교무실
A12: 황경환 | B12: 2층 교무실
... A134: 화학실험실 교사용 | B134: 화학실험실

Sheet 인창고 관련 사이트
B2: URL | C2: ID | D2: P/W
A3: MS 클라우드 학교 계정 관리 | B3: https://cloud.goe.go.kr/admin/ | C3: inchangh | D3: icgo2018#
A4: 인창고 G Suiet 관리 | B4: https://accounts.google.com | C4: admin | D4: dlsckdrh#2019
A5: 인창고 Domain 관리 | B5: https://my.inames.co.kr | C5: inchanghs | D5: dlsckdrh#2018
A6: 인창고 홈페이지 관리 | B6: http://211.184.232.146/inchang-h/main.do | C6: goegn159 | D6: goegn159#$ | E6: (2024년부터 변경)
A7: 교육청 교육정보기기 관리시스템 | B7: http://egms.ken.go.kr | C7: J100000769 | D7: icgo2018#
C8: 관리자 | D8: icgo2018#
A9: AhnLab EPP | B9: https://10.0.100.73:8806/ | C9: gn_ic_hs | D9: icgo20#24
A10: Privay-I 관리자 계정 목록 | B10: https://10.59.1.24/DLPCenter | C10: GN_HS_ICADMIN | D10: ic2018###
A11: Privay-I 관리자 계정 목록(구) | B11: http://218.234.92.181:8080/DLPCenter | C11: KN_HI_INC_ADMIN | D11: ic2018###
A12: plotter OneDrive 계정 | C12: plotter@inchangh.goe.go.kr | D12: icgo2018##
A13: iam Teacher | B13: https://teacher.iamservice.net/ | C13: 인창고등학교 | D13: icgo2018#
A14: 인창고 YouTube 용 계정 | C14: inchanggo@inchang.hs.kr | D14: ic2018###
A15: 방송반 인창고 계정 | C15: ibc@inchang.hs.kr | D15: 방송부1234!
A16: 방송반 어도비 계정 | C16: ibc@inchang.hs.kr | D16: 방송부1234!Q | E16: 생년월일 1996년 1월 13일 (인창고 개교일)
A17: 방송반 지니 계정 | C17: ibcinchang | D17: 방송부2018 | E17: 가입이메일: ibc@inchang.hs.kr
A18: 교사용 패들렛 계정 | C18: padlet@inchang.hs.kr | D18: ic2018###
A19: 무선통합관리시스템(wNMS) | B19: http://10.0.200.219:8080 | C19: G21_138 | D19: icgo2018#
A20: 스마트 단말 관리 시스템(MDM) | B20: https://mdm.aiedu.or.kr/ | C20: G21_138 | D20: icgo2018#
B21: https://mdm.goe.go.kr/onm/mas/main/main.html | C21: G21_138 | D21: smart21_138
A22: 경기도교육청 메신저 관리자 페이지 | B22: https://msg.goe.go.kr:18007/ | C22: H41001470 | D22: icgo2018#
A23: 클라우드서비스 통합로그인 지원시스템 | B23: https://www.goedu.kr/scmnst/login | E23: (관리자변경시 공문 발송)관련:교육정보화과-1846(2025.2.21.)
A24: GSMS시스템(단말기 a/s처리) | B24: https://gsms.goe.go.kr/
A26: 2024년12월 | E26: 경기도 상용클라우드
A27: 가입인증키 | B27: MVNIU-IGEVP-NSYAW-XFHQI | E27: 교직원가입키 : MVNIU-IGEVP-NSYAW-XFHQI
E28: 학생가입키 : MSGOO-SFHWA-GOOXX-OLIKN

Sheet 프린터 IP
B1: IP | C1: 부서 | D1: 종류 | E1: 모델명 | F1: 프린터 관리자 | H1: 물품번호 | I1: 구입일자
A2: 대역폭 | F2: ID | G2: P/W
A3: 10.51.90. | B3: 18 | E3: CCTV 1
B4: 19 | E4: CCTV 2
B5: 20 | E5: CCTV 3
B6: 21
B7: 22 | E7: ASUSTek COMPUTER INC.
B8: 23 | C8: 교무기획부 | D8: 복사기 | E8: Kyocera TASKalfa 3510i | F8: Admin | G8: Admin | H8: 44101501-22674348 | I8: 2016.02.26
B9: 24 | C9: 행정실 | D9: 프린터 | E9: Kyocera ECOSYS P7040cdn | H9: 43212105-23060005 | I9: 2019.03.05
B10: 25 | C10: 행정실 | D10: 프린터 | E10: Kyocera ECOSYS M5526cdn | F10: Admin | G10: Admin
B11: 26 | C11: 행정실 | D11: 프린터 | E11: Kyocera FS-4100DN | H11: 43212105-22449325 | I11: 2015.06.24
B12: 27 | C12: 교무기획부 | D12: 복사기 | E12: Document Centre C250
B13: 28 | C13: 시설관리실 | D13: 프린터 | E13: Kyocera P2235dnG | F13: Admin | G13: Admin | I13: 2019.11. 10
B14: 29
B15: 30
B16: 31 | C16: 행정실무사 | D16: 프린터 | E16: Brother HL-L5100DN | H16: 43212105-22999063 | I16: 2017.03.30
B17: 32 | C17: 체육보건부 | D17: 복사기 | E17: DocuCentre-II 2055
B18: 33
B19: 34 | C19: 체육보건부 | D19: 프린터 | E19: Kyocera ECOSYS M5526cdn | F19: Admin | G19: Admin
B20: 35 | C20: 교육정보부 | D20: 복사기 | E20: Canon imageRUNNER 2204F | F20: 7654321 | G20: 7654321 | I20: 2017.04.01
B21: 36 | C21: 교육정보부 | D21: 플로터 | E21: HP Designjet Z5200 PostScript | H21: 43212107-22449586 | I21: 2016.02.04
B22: 37 | C22: 학생부 | D22: 프린터 | E22: TASKalfa 4012i | F22: Admin | G22: Admin
B23: 38 | C23: 학생부 | D23: 프린터 | E23: HL-L8260CDN | I23: 2025.3.27
B24: 39
B25: 40 | C25: 교육정보부 | D25: 프린터 | E25: HP DesignJet Z6 24in
B26: 41 | C26: 도서실 | D26: 프린터 | E26: Canon, (VN)GX6091 | I26: 20240524
B27: 42
B28: 43 | C28: 도서실 | D28: 복사기 | E28: ﻿SINDOH ﻿N606 42BW-4 (Generic) | H28: 44101501-22032177 | I28: 2012.08.23
B29: 44 | C29: 인문사회부 | D29: 프린터 | E29: TASKalfa3554ci | I29: 2024.04.12
B30: 45 | C30: 인문사회부 | D30: 프린터 | E30: Kyocera TASKalfa 3011i | F30: Admin | G30: Admin | H30: 44101501-23212449 | I30: 2017.12.18
B31: 46 | C31: 과학부 | D31: 프린터 | E31: EPSON B-310N | H31: 43212104-21788706 | I31: 2014.06.02
B32: 47 | C32: 수리과학부 | D32: 프린터 | E32: Kyocera ECOSYS P6235cdn | F32: Admin | G32: Admin | H32: 43212105-23428140 | I32: 20220225 | J32: 확인완료
B33: 48 | C33: 수리과학부 | D33: 복사기 | E33: Kyocera TASKalfa 3253ci | H33: 44101501-23579683 | I33: 20210127 | J33: 확인완료
B34: 49 | C34: 진로상담 | D34: 프린터 | E34: DocuPrint C2200 | H34: 43212105-21525144 | I34: 2010.11.11
B35: 50
B36: 51 | C36: 진로상담 | D36: 복사기 | E36: DocuCentre-II 3005G | H36: 44101503-21171456 | I36: 2008.07.25
B37: 52 | C37: 수업나눔터
B38: 53
B39: 54 | C39: 4층 미술실 | D39: 프린터 | E39: EPSON WF-5620 | H39: 44101503-22880368 | I39: 2017.10.21
B40: 55 | C40: 통합교육지원실 | D40: 복합기 | E40: TASKalfa2554ciG | H40: 마라톤 상사 임대 | I40: 2025.3.
B41: 56 | C41: 통합교육지원실3 | D41: 프린터 | E41: SINDOH MF 4550_5550 | H41: 44101503-21537499 | I41: 2010.02.22 | J41: 11/28 현재 76,000장 인쇄
B42: 57 | C42: 통합교육지원실2 | D42: 복사기 | E42: DocuCentre-III 3007 | H42: 44101501-21439381 | I42: 2010.05.19
B43: 58 | C43: 통합교육지원실1 | D43: 프린터 | E43: SAMSUNG SL-C473W
B44: 59 | C44: 1학년 | D44: 프린터 | E44: TASKalfa 4002i | F44: Admin | G44: Admin | I44: 2019 | J44: 랜탈
B45: 60 | C45: 1학년 | D45: 복사기 | E45: Kyocera TASKalfa 5003i | F45: Admin | G45: Admin
B46: 61
B47: 62 | C47: 2학년 | D47: 복사기 | E47: Kyocera TASKalfa 5003i | F47: Admin | G47: Admin | H47: 44101501-22674347 | I47: 2016.08.24
B48: 63 | C48: 진로상담 | D48: 프린터 | E48: Kyocera FS-4100DN | H48: 43212105-22449325 | I48: 2014.01.20
B49: 64 | C49: 3학년부 | D49: 복사기 | E49: Kyocera TASKalfa 3554ci | H49: 마라톤 상사 임대 | J49: 확인완료
B50: 65
B51: 66 | C51: 3학년부 | D51: 복사기 | E51: Kyocera TASKalfa 4002i | F51: Admin | G51: Admin | H51: 44101501-23212820 | I51: 20181101 | J51: 확인완료
B52: 67
B53: 68
B54: 69 | C54: 2학년 | D54: 프린터 | E54: Kyocera FS-4100DN | H54: 43212105-22449325 | I54: 2014.01.20
B55: 70 | C55: 교감 | D55: 프린터 | E55: (CN)MFC2-L8690CDW | I55: 2024.03.29
B60: 59 | C60: 1학년 | D60: 프린터 | E60: DocuPrint 3055 | H60: 43212105-21525085 | I60: 2011.09.29 | J60: 11/28 현재 219,000장 인쇄
C63: 학생부 | D63: 프린터 | E63: DocuPrint C5005 d | H63: 43212105-22147395 | I63: 2017.02.14 | J63: 불용해야 함 2025/3/27

Sheet AP현황
A1: AP 명 | B1: AP Mac | C1: AP IP | D1: AP 번호 | E1: 설치 층 | F1: 설치 장소
A2: Gyeonggi_inchang.hs_AP01 | B2: 1C:EC:72:01:57:F3 | C2: 10.59.87.147 | D2: 97343 | E2: 1층 | F2: 통합교육지원실2
A3: Gyeonggi_inchang.hs_AP02 | B3: 1C:EC:72:01:57:F8 | C3: 10.59.87.148 | D3: 97344 | E3: 1층 | F3: 통합교육지원실1
A4: Gyeonggi_inchang.hs_AP03 | B4: 1C:EC:72:01:57:FD | C4: 10.59.87.149 | D4: 97345 | E4: 2층 | F4: 교과교실(수학)
A5: Gyeonggi_inchang.hs_AP04 | B5: 1C:EC:72:01:58:02 | C5: 10.59.87.150 | D5: 97346 | E5: 2층 | F5: 1-1
A6: Gyeonggi_inchang.hs_AP05 | B6: 1C:EC:72:01:58:07 | C6: 10.59.87.151 | D6: 97347 | E6: 2층 | F6: 1-2
A7: Gyeonggi_inchang.hs_AP06 | B7: 1C:EC:72:01:58:0C | C7: 10.59.87.152 | D7: 97348 | E7: 2층 | F7: 1-3
A8: Gyeonggi_inchang.hs_AP07 | B8: 1C:EC:72:01:58:11 | C8: 10.59.87.153 | D8: 97349 | E8: 4층 | F8: 3-9 | G8: 예전3층2-9
A9: Gyeonggi_inchang.hs_AP08 | B9: 1C:EC:72:01:58:16 | C9: 10.59.87.154 | D9: 97350 | E9: 3층 | F9: 2-8
A10: Gyeonggi_inchang.hs_AP09 | B10: 1C:EC:72:01:58:1B | C10: 10.59.87.155 | D10: 97351 | E10: 3층 | F10: 2-7
A11: Gyeonggi_inchang.hs_AP10 | B11: 1C:EC:72:01:58:20 | C11: 10.59.87.156 | D11: 97352 | E11: 3층 | F11: 2-6
A12: Gyeonggi_inchang.hs_AP11 | B12: 1C:EC:72:01:58:25 | C12: 10.59.87.157 | D12: 97353 | E12: 3층 | F12: White spac
A13: Gyeonggi_inchang.hs_AP12 | B13: 1C:EC:72:01:58:2A | C13: 10.59.87.158 | D13: 97354 | E13: 5층 | F13: 오디움실 | G13: 예전3층미술실2
A14: Gyeonggi_inchang.hs_AP13 | B14: 1C:EC:72:01:58:2F | C14: 10.59.87.159 | D14: 97355 | E14: 3층 | F14: 1-4
A15: Gyeonggi_inchang.hs_AP14 | B15: 1C:EC:72:01:58:34 | C15: 10.59.87.160 | D15: 97356 | E15: 3층 | F15: 1-5
A16: Gyeonggi_inchang.hs_AP15 | B16: 1C:EC:72:01:58:39 | C16: 10.59.87.161 | D16: 97357 | E16: 3층 | F16: 1-6
A17: Gyeonggi_inchang.hs_AP16 | B17: 1C:EC:72:01:58:3E | C17: 10.59.87.162 | D17: 97358 | E17: 3층 | F17: 1-7
A18: Gyeonggi_inchang.hs_AP17 | B18: 1C:EC:72:01:58:43 | C18: 10.59.87.163 | D18: 97359 | E18: 3층 | F18: 1-8
A19: Gyeonggi_inchang.hs_AP18 | B19: 1C:EC:72:01:58:48 | C19: 10.59.87.164 | D19: 97360 | E19: 4층 | F19: 2-1
A20: Gyeonggi_inchang.hs_AP19 | B20: 1C:EC:72:01:58:4D | C20: 10.59.87.165 | D20: 97361 | E20: 4층 | F20: 2-2
A21: Gyeonggi_inchang.hs_AP20 | B21: 1C:EC:72:01:58:52 | C21: 10.59.87.166 | D21: 97362 | E21: 4층 | F21: 2-3
A22: Gyeonggi_inchang.hs_AP21 | B22: 1C:EC:72:01:58:57 | C22: 10.59.87.167 | D22: 97363 | E22: 4층 | F22: 2-4
A23: Gyeonggi_inchang.hs_AP22 | B23: 1C:EC:72:01:58:5C | C23: 10.59.87.168 | D23: 97364 | E23: 4층 | F23: 2-5
A24: Gyeonggi_inchang.hs_AP23 | B24: 1C:EC:72:01:58:61 | C24: 10.59.87.169 | D24: 97365 | E24: 4층 | F24: 3-7
A25: Gyeonggi_inchang.hs_AP24 | B25: 1C:EC:72:01:58:66 | C25: 10.59.87.170 | D25: 97366 | E25: 4층 | F25: 3-8
... A34: Gyeonggi_inchang.hs_AP33 | B34: 1C:EC:72:01:58:93 | C34: 10.59.87.179 | D34: 97375 | E34: 4층 | F34: 음악실
E35: 5층 | F35: 오디움실 | G35: 예전5층학생통합지원실1 | I35: 확인필요

Sheet 전자칠판
A1: < 전자칠판 위치 >(총 11대)
A3: 1층 | B3: 도서관 | C3: 1대
A4: 2층 | B4: 수학교과실 | C4: 1대
B5: 생물실 | C5: 1대
B6: 화학실 | C6: 1대
B7: 컴퓨터실2 | C7: 1대
A8: 3층 | B8: 정보과학실 | C8: 1대
B9: 지구과학실 | C9: 1대
B10: 물리실 | C10: 1대
A11: 4층 | B11: 중국어교과실 | C11: 1대
A12: 5층 | B12: 오디움실 | C12: 2대

Sheet 교실충전함
A1: 학년반 | B1: 제품명 | C1: 관리번호 | D1: 큐알코드 여부
A2: 1학년1반 | B2: 스마트아이디어, SCB-40R | C2: 3-2-07-3-1-025-7-0006 | D2: O
A3: 1학년2반 | B3: 스마트아이디어, SCB-40R | C3: 3-2-07-3-1-025-7-0005 | D3: O
A4: 1학년3반 | B4: 스마트아이디어, SCB-40R | C4: 3-2-07-3-1-025-7-0007 | D4: O
A5: 1학년4반 | B5: 스마트아이디어, SCB-40R | C5: 3-2-07-3-1-025-7-0011 | D5: O
A6: 1학년5반 | B6: 스마트아이디어, SCB-40R | C6: 3-2-07-3-1-025-7-0009 | D6: O
A7: 1학년6반 | B7: 스마트아이디어, SCB-40R | C7: 3-2-07-3-1-025-7-0012 | D7: O
A8: 1학년7반 | B8: 스마트아이디어, SCB-40R | C8: 3-2-07-3-1-025-7-0008 | D8: O
A9: 1학년8반 | B9: 스마트아이디어, SCB-40R | C9: 3-2-07-3-1-025-7-0010 | D9: O
A10: 2학년1반 | B10: 도원산업, CF1-BTL33 | C10: 3-2-07-3-1-025-7-0017 | D10: O
A11: 2학년2반 | B11: 도원산업, CF1-BTL33 | C11: 3-2-07-3-1-025-7-0016 | D11: O
A12: 2학년3반 | B12: 스마트엑세스, D-30FWH | C12: 3-2-07-3-1-025-7-0004 | D12: O
... A17: 2학년8반 | B17: 스마트엑세스, D-30FWH | C17: 3-2-07-3-1-025-7-0003 | D17: O
A18: 3학년1반 | B18: 도원산업, CF1-BTL30S1 | D18: X
A19: 3학년2반 | B19: 도원산업, CF1-BTL30S1 | D19: X
A20: 3학년3반 | B20: 도원산업, CF1-BTL30S1 | D20: X
A21: 3학년4반 | B21: 도원산업, CF1-BTL30S1 | D21: X
A22: 3학년5반 | B22: 도원산업, CF1-BTL30S1 | D22: X
A23: 3학년6반 | B23: 도원산업, CF1-BTL30S1 | D23: X
A24: 3학년7반 | B24: 도원산업, CF1-BTL30S1 | D24: X
A25: 3학년8반 | B25: 도원산업, CF1-BTL30S1 | D25: X
A26: 3학년9반 | B26: 도원산업, CF1-BTL33 | C26: 3-2-07-3-1-025-7-0015 | D26: O

Sheet Sheet2
A1: Kyocera TASKalfa 3010i 토너 | G1: Kyocera TASKalfa 4002i (1, 3학년부) | M1: Kyocera TASKalfa 3011i
A2: 1학년부 | G2: Kyocera TASKalfa 5003i (1, 2학년부) | M2: 인문사회부
A3: TK-7109(3010i) | G3: TK-6329K | M3: TK-7119K(3011i)
A4: 구입 | C4: 소모 | F4: 잔고 | G4: 구입 | I4: 소모 | L4: 잔고 | M4: 구입 | O4: 소모 | R4: 잔고
A5: 구입일자 | B5: 개수 | C5: 소모일자 | D5: 부서 | E5: 개수 | F5: 잔고 | G5: 구입일자 | H5: 개수 | I5: 소모일자 | J5: 부서 | K5: 개수 | L5: 잔고 | M5: 구입일자 | N5: 개수 | O5: 소모일자 | P5: 부서 | Q5: 개수 | R5: 잔고
A6: 43454 | B6: 7 | F6: 7 | G6: 43525 | H6: 5 | L6: =H6 -> 5 | M6: 43525 | N6: 2 | R6: 2
C7: 43475 | D7: 1학년부 | E7: 1 | F7: =F6+B7-E7 -> 6 | I7: 43537 | J7: 3학년부 | K7: 1 | L7: =L6+H7-K7 -> 4 | O7: 43571 | P7: 인사부 | Q7: 1 | R7: =R6+N7-Q7 -> 1
C8: 43516 | D8: 2학년부 | E8: 1 | F8: =F7+B8-E8 -> 5 | G8: 43677 | H8: 1 | L8: =L7+H8-K8 -> 5 | O8: 43636 | P8: 인사부 | Q8: 1 | R8: =R7+N8-Q8 -> 0
C9: ? | D9: ? | E9: 1 | F9: =F8+B9-E9 -> 4 | I9: 43621 | J9: 3학년부 | K9: 2 | L9: =L8+H9-K9 -> 3 | M9: 2019-10-11(재생) | N9: 1 | O9: 43749 | P9: 인사부 | Q9: 1 | R9: =R8+N9-Q9 -> 0
C10: 43607 | D10: 1학년부 | E10: 1 | F10: =F9+B10-E10 -> 3 | I10: 43677 | J10: 3학년부 | K10: 1 | L10: =L9+H10-K10 -> 2 | M10: 2019.12.05(마라톤) | N10: 4 | R10: =R9+N10-Q10 -> 4
C11: 43671 | D11: 2학년부 | E11: 1 | F11: =F10+B11-E11 -> 2 | I11: 43776 | J11: 3학년부 | K11: 1 | L11: =L10+H11-K11 -> 1 | O11: 43922 | P11: 인사부 | Q11: 1 | R11: =R10+N11-Q11 -> 3
C12: 43749 | D12: 1학년부 | E12: 1 | F12: =F11+B12-E12 -> 1 | G12: 2020-02-04(마라톤) | H12: 5 | L12: =L11+H12-K12 -> 6 | O12: 44061 | P12: 인사부 | Q12: 1 | R12: =R11+N12-Q12 -> 2
A13: 43849 | B13: 1 | F13: =F12+B13-E13 -> 2 | I13: 44010 | J13: 3학년부 | K13: 1 | L13: =L12+H13-K13 -> 5 | O13: 44228 | P13: 2학년부 | Q13: 1 | R13: =R12+N13-Q13 -> 1
A14: 43874 | B14: 7 | F14: =F13+B14-E14 -> 9 | I14: 44061 | J14: 3학년부 | K14: 1 | L14: =L13+H14-K14 -> 4 | O14: 44249 | P14: 인사부 | Q14: 1 | R14: =R13+N14-Q14 -> 0
C15: 43755 | D15: 2학년부 | E15: 1 | F15: =F14+B15-E15 -> 8 | I15: 44083 | J15: 1학년부 | K15: 1 | L15: =L14+H15-K15 -> 3 | M15: 2021-02-23(마라톤) | N15: 2 | R15: =R14+N15-Q15 -> 2
C16: 43849 | D16: 2학년부 | E16: 1 | F16: =F15+B16-E16 -> 7 | I16: 44097 | J16: 3학년부 | K16: 1 | L16: =L15+H16-K16 -> 2 | O16: 44349 | P16: 인사부 | Q16: 1 | R16: =R15+N16-Q16 -> 1
C17: 44018 | D17: 2학년부 | E17: 1 | F17: =F16+B17-E17 -> 6 | G17: 2021-02-23(마라톤) | H17: 5 | L17: =L16+H17-K17 -> 7 | O17: 44474 | P17: 인사부 | Q17: 1 | R17: =R16+N17-Q17 -> 0
A18: 43901 | B18: 7 | F18: =F17+B18-E18 -> 13 | I18: 44267 | J18: 3학년부 | K18: 1 | L18: =L17+H18-K18 -> 6 | M18: 2021-10-06(교환) | N18: 1 | R18: =R17+N18-Q18 -> 1
C19: 44088 | D19: 1학년부 | E19: 1 | F19: =F18+B19-E19 -> 12 | I19: 43905 | J19: 1학년부 | K19: 1 | L19: =L18+H19-K19 -> 5 | M19: 2022-03-07(누락분) | N19: 2 | R19: =R18+N19-Q19 -> 3
C20: 44146 | D20: 2학년부 | E20: 1 | F20: =F19+B20-E20 -> 11 | G20: 2021-05-28(마라톤 교환) | H20: 5 | L20: =L19+H20-K20 -> 10 | O20: 44627 | P20: 인사부 | Q20: 1 | R20: =R19+N20-Q20 -> 2
C21: 44202 | D21: 2학년부 | E21: 1 | F21: =F20+B21-E21 -> 10 | I21: 44350 | J21: 3학년부 | K21: 1 | L21: =L20+H21-K21 -> 9 | M21: 2022-03-23(교환) | N21: 1 | R21: =R20+N21-Q21 -> 3
C22: 44326 | D22: 2학년부 | E22: 1 | F22: =F21+B22-E22 -> 9 | I22: 44431 | J22: 3학년부 | K22: 1 | L22: =L21+H22-K22 -> 8 | O22: 44715 | P22: 인사부 | Q22: 1 | R22: 2
C23: 44344 | D23: 마라톤 교환 | E23: 7 | F23: =F22+B23-E23 -> 2 | I23: 44446 | J23: 1학년부 | K23: 1 | L23: =L22+H23-K23 -> 7 | O23: 44838 | P23: 인사부 | Q23: 1 | R23: 1
C24: 44475 | D24: 마라톤 교환 | E24: 1 | F24: =F23+B24-E24 -> 1 | I24: 44475 | J24: 3학년부 | K24: 1 | L24: =L23+H24-K24 -> 6
C25: 44643 | D25: 마라톤 교환 | E25: 1 | F25: 0 | G25: 2022-03-07(누락분) | H25: 5 | L25: =L24+H25-K25 -> 11
A26: 사 | B26: 용 | C26: 종 | D26: 료 | I26: 44523 | J26: 2학년부 | K26: 1 | L26: =L25+H26-K26 -> 10
I27: 44627 | J27: 3학년부 | K27: 1 | L27: =L26+H27-K27 -> 9
I28: 44651 | J28: 2학년부 | K28: 1 | L28: =L27+H28-K28 -> 8
I29: ? | J29: ? | K29: 1 | L29: 7
I30: 44736 | J30: 3학년부 | K30: 1 | L30: 6
I31: 44736 | J31: 2학년부 | K31: 1 | L31: 5
I32: 44753 | J32: 1학년부 | K32: 1 | L32: 4
I33: 44792 | J33: 3학년부 | K33: 1 | L33: 3
I34: 44832 | J34: 1학년부 | K34: 1 | L34: 2
I35: 44834 | J35: 3학년부 | K35: 1 | L35: 1
I36: 44839 | J36: 2학년부 | K36: 1 | L36: 0
G37: 2022-10-05(마라톤) | H37: 6
M42: 마라톤 | O42: 556-5211~2
A46: DocuPrint 3055 | G46: Sindoh B601_606 | M46: SINDOH ﻿N607 42BW-4 | S46: Kyocera FS-4100DN | Y46: Kyocera FS-6975DN
A47: 체육보건부 | G47: 체육보건부 | M47: 도서실 | S47: 2, 3학년부 | Y47: 3학년부(부장)
M48: TN-414 | S48: TK 3114 | Y48: TK-454K
A49: 구입 | C49: 소모 | G49: 구입 | I49: 소모 | L49: 잔고 | M49: 구입 | O49: 소모 | R49: 잔고 | S49: 구입 | U49: 소모 | X49: 잔고 | Y49: 구입 | AA49: 소모 | AD49: 잔고
A50: 구입일자 | B50: 개수 | C50: 소모일자 | D50: 부서 | E50: 개수 | F50: 잔고 | G50: 구입일자 | H50: 개수 | I50: 소모일자 | J50: 부서 | K50: 개수 | L50: 잔고 | M50: 구입일자 | N50: 개수 | O50: 소모일자 | P50: 부서 | Q50: 개수 | R50: 잔고 | S50: 구입일자 | T50: 개수 | U50: 소모일자 | V50: 부서 | W50: 개수 | Y50: 구입일자 | Z50: 개수 | AA50: 소모일자 | AB50: 부서 | AC50: 개수 | AD50: 잔고
A51: 43525 | B51: 2 | C51: 43617 | D51: 체보 | E51: 1 | F51: =B51-E51 -> 1 | G51: 43525 | H51: 2 | I51: 43607 | K51: 1 | L51: =H51-K51 -> 1 | M51: 43525 | N51: 1 | R51: =N51-Q51 -> 1 | S51: 43454 | T51: 2 | X51: =T51-W51 -> 2 | Y51: 2019-10-11(재생) | Z51: 1 | AA51: 43749 | AB51: 3학년부 | AC51: 1 | AD51: 0
C52: 44650 | D52: 교육정보부 | E52: 1 | F52: 0 | G52: 사 | H52: 용 | I52: 종 | J52: 료 | Y52: 43874 | Z52: 1 | AD52: 1
A61: DocuPrint DP-C2200 | Y61: SAMSUNG SL-C473W
A62: 교감, WEE | Y62: 통합교육지원실1
A63: 블랙 | G63: 노랑 | M63: 마젠타 | S63: 시안 | Y63: 마젠타 | AE63: 시안
A64: 구입 | C64: 소모 | F64: 잔고 | G64: 구입 | I64: 소모 | L64: 잔고 | M64: 구입 | O64: 소모 | R64: 잔고 | S64: 구입 | U64: 소모 | X64: 잔고 | Y64: 구입 | AA64: 소모 | AD64: 잔고 | AE64: 구입 | AG64: 소모 | AJ64: 잔고
A65: 구입일자 | B65: 개수 | C65: 소모일자 | D65: 부서 | E65: 개수 | F65: 잔고 | G65: 구입일자 | H65: 개수 | I65: 소모일자 | J65: 부서 | K65: 개수 | L65: 잔고 | M65: 구입일자 | N65: 개수 | O65: 소모일자 | P65: 부서 | Q65: 개수 | R65: 잔고 | S65: 구입일자 | T65: 개수 | U65: 소모일자 | V65: 부서 | W65: 개수 | X65: 잔고 | Y65: 구입일자 | Z65: 개수 | AA65: 소모일자 | AB65: 부서 | AC65: 개수 | AD65: 잔고 | AE65: 구입일자 | AF65: 개수 | AG65: 소모일자 | AH65: 부서 | AI65: 개수 | AJ65: 잔고
A66: 43525 | B66: 2 | C66: 43776 | D66: 교감 | E66: 1 | F66: =B66-E66 -> 1 | G66: 43525 | H66: 2 | I66: 43656 | J66: WEE | K66: 1 | L66: 1 | M66: 43525 | N66: 2 | R66: =N66-Q66 -> 2 | S66: 43545 | T66: 1 | U66: 43545 | V66: WEE | W66: 1 | X66: =T66-W66 -> 0 | Y66: 43525 | Z66: 1 | AD66: =Z66-AC66 -> 1 | AE66: 43525 | AF66: 1 | AJ66: =AF66-AI66 -> 1
C67: 2019? | E67: 1 | F67: 0 | I67: 44006 | J67: WEE | K67: 1 | L67: 0 | S67: 43746 | T67: 1 | U67: 43746 | V67: 교감 | W67: 1 | X67: 0 | AA67: 2020-05-28(재고조사) | AC67: 1 | AD67: 0 | AG67: 2020-05-28(재고조사) | AI67: 1 | AJ67: 0
A68: 43885 | B68: 1 | C68: 43885 | E68: 1 | F68: 0
A77: 플로터
A78: 교육정보부
A79: HP C9404(M/B-C) 헤드 | G79: C9407A(P/B-L/G) 헤드 | M79: C9448A(M/B)-무광 검정 | S79: C9390A(L/C) | Y79: C9449A(P/B) | AE79: C9451A(L/G) | AK79: C9452A(C) | AQ79: C9453A(M) | AW79: C9453A(L/M) | BC79: C9454A(Y)
A80: 구입 | C80: 소모 | F80: 잔고 | G80: 구입 | I80: 소모 | L80: 잔고 | M80: 구입 | O80: 소모 | R80: 잔고 | S80: 구입 | U80: 소모 | X80: 잔고 | Y80: 구입 | AA80: 소모 | AD80: 잔고 | AE80: 구입 | AG80: 소모 | AJ80: 잔고 | AK80: 구입 | AM80: 소모 | AP80: 잔고 | AQ80: 구입 | AS80: 소모 | AV80: 잔고 | AW80: 구입 | AY80: 소모 | BB80: 잔고 | BC80: 구입 | BE80: 소모 | BH80: 잔고
A81: 구입일자 | B81: 개수 | C81: 소모일자 | D81: 부서 | E81: 개수 | F81: 잔고 | G81: 구입일자 | H81: 개수 | I81: 소모일자 | J81: 부서 | K81: 개수 | L81: 잔고 | M81: 구입일자 | N81: 개수 | O81: 소모일자 | P81: 부서 | Q81: 개수 | R81: 잔고 | S81: 구입일자 | T81: 개수 | U81: 소모일자 | V81: 부서 | W81: 개수 | X81: 잔고 | Y81: 구입일자 | Z81: 개수 | AA81: 소모일자 | AB81: 부서 | AC81: 개수 | AD81: 잔고 | AE81: 구입일자 | AF81: 개수 | AG81: 소모일자 | AH81: 부서 | AI81: 개수 | AJ81: 잔고 | AK81: 구입일자 | AL81: 개수 | AM81: 소모일자 | AN81: 부서 | AO81: 개수 | AP81: 잔고 | AQ81: 구입일자 | AR81: 개수 | AS81: 소모일자 | AT81: 부서 | AU81: 개수 | AV81: 잔고 | AW81: 구입일자 | AX81: 개수 | AY81: 소모일자 | AZ81: 부서 | BA81: 개수 | BB81: 잔고 | BC81: 구입일자 | BD81: 개수 | BE81: 소모일자 | BF81: 부서 | BG81: 개수
A82: 43525 | B82: 1 | F82: =B82-E82 -> 1 | G82: 43525 | H82: 1 | L82: =H82-K82 -> 1 | M82: 43525 | N82: 2 | R82: =N82-Q82 -> 2 | S82: 43525 | T82: 1 | X82: =T82-W82 -> 1 | Y82: 43607 | Z82: 1 | AA82: 43607 | AB82: 교정부 | AC82: 1 | AD82: =Z82-AC82 -> 0 | AE82: 43525 | AF82: 1 | AJ82: =AF82-AI82 -> 1 | AK82: 43525 | AL82: 1 | AP82: =AL82-AO82 -> 1 | AQ82: 43525 | AR82: 1 | AS82: 43773 | AT82: 교정부 | AU82: 1 | AV82: =AR82-AU82 -> 0 | AW82: 43525 | AX82: 1 | BB82: =AX82-BA82 -> 1 | BC82: 43525 | BD82: 1 | BH82: =BD82-BG82 -> 1
M83: 43979 | O83: (재고 조사) | R83: 1 | S83: 43874 | T83: 1 | X83: 2 | Y83: 43874 | Z83: 1 | AD83: 1 | AM83: 44006 | AO83: 1 | AP83: 0 | AQ83: 43874 | AR83: 1 | AV83: 1 | AW83: 43763 | AX83: 1 | AY83: 43770 | BA83: 1 | BB83: 1 | BC83: 43874 | BD83: 1 | BH83: 2
U84: 44006 | W84: 1 | X84: 1 | BE84: 44006 | BG84: 1 | BH84: 1

Sheet Sheet1
A1: 물품목록번호 | B1: 물품분류명 | C1: 품명/규격 | D1: 취득일 | E1: 취득구분 | F1: 운용부서 | G1: 수량 | H1: 단가 | I1: 취득금액 | J1: 내용연수
A2: 44101501-20752268 | B2: 복사기 | C2: 신도리코, Aficio 2127 | D2: 2007.06.25 | E2: 조달구입 | F2: 1학년교무실 | G2: 1 | H2: 2794000 | I2: 2794000 | J2: 4
A3: 44101503-20426960 | B3: 다기능복사기 | C3: (옵션)신도리코, 자동원고송고장치, ADF | D3: 2007.06.25 | E3: 분류전환+ | F3: 1학년교무실 | G3: 1 | H3: 836000 | I3: 836000 | J3: 5
A4: 44101503-20427050 | B4: 다기능복사기 | C4: (옵션)청호컴넷, Network printer kit, CHC-360G용 | D4: 2007.06.25 | E4: 분류전환+ | F4: 1학년교무실 | G4: 1 | H4: 836000 | I4: 836000 | J4: 5
A5: 43212105-21084845 | B5: 레이저프린터 | C5: 한국후지제록스, CN/DocuPrint 2065, 26ppm | D5: 2010.05.13 | E5: 조달구입 | F5: 1학년교무실 | G5: 1 | H5: 657680 | I5: 657680 | J5: 5
A6: 43212105-21525085 | B6: 레이저프린터 | C6: 한국후지제록스, CN/DocuPrint 3055K, A3/흑백, 35ppm, 급지장치 550매 Tray 기본형 | D6: 2011.07.12 | E6: 조달구입 | F6: 1학년교무실 | G6: 1 | H6: 1105340 | I6: 1105340 | J6: 5 | K6: 구 3학년교무실
A7: 44101501-22674347 | B7: 복사기 | C7: Kyocera document solutios, CN/TASKalfa3010iG, 흑백30cpm | D7: 2015.03.26 | E7: 조달구입 | F7: 1학년교무실 | G7: 1 | H7: 2490970 | I7: 2490970 | J7: 5
A8: 43212105-20704676 | B8: 레이저프린터 | C8: 정원엔시스템, Hart-2612MW | D8: 2001.01.01 | E8: 자체구입 | F8: 2층교무실 | G8: 1 | H8: 660000 | I8: 660000 | J8: 5
A9: 43212105-20704676 | B9: 레이저프린터 | C9: 정원엔시스템, Hart-2612MW | D9: 2001.05.04 | E9: 조달구입 | F9: 2층교무실 | G9: 1 | H9: 704000 | I9: 704000 | J9: 5
A10: 43212105-20704676 | B10: 레이저프린터 | C10: 정원엔시스템, Hart-2612MW | D10: 2001.05.19 | E10: 조달구입 | F10: 2층교무실 | G10: 1 | H10: 704000 | I10: 704000 | J10: 5
A11: 43212105-20704676 | B11: 레이저프린터 | C11: 정원엔시스템, Hart-2612MW | D11: 2002.03.25 | E11: 자체구입 | F11: 2층교무실 | G11: 1 | H11: 499000 | I11: 499000 | J11: 5
A12: 43212105-20704676 | B12: 레이저프린터 | C12: 정원엔시스템, Hart-2612MW | D12: 2004.09.16 | E12: 조달구입 | F12: 2층교무실 | G12: 2 | H12: 1464720 | I12: 2929440 | J12: 5
A13: 43212105-20505550 | B13: 레이저프린터 | C13: 한국후지제록스, DocuPrint 255, A3, 25ppm | D13: 2006.05.08 | E13: 조달구입 | F13: 2층교무실 | G13: 1 | H13: 915200 | I13: 915200 | J13: 5
A14: 43212105-20523512 | B14: 레이저프린터 | C14: 한국후지제록스, DocuPrint 305, A3/흑백, 30ppm | D14: 2010.03.06 | E14: 조달구입 | F14: 2층교무실 | G14: 1 | H14: 817300 | I14: 817300 | J14: 5
A15: 43212105-21525144 | B15: 레이저프린터 | C15: 한국후지제록스, CN/DocuPrint C 2200, A4/컬러, 25ppm | D15: 2010.05.06 | E15: 조달구입 | F15: 2층교무실 | G15: 2 | H15: 663205 | I15: 1326410 | J15: 5 | K15: 교감
A16: 43212105-22999063 | B16: 레이저프린터 | C16: Brother, VN/HL-L5100DN, A4/흑백/40ppm | D16: 2017.03.30 | E16: 조달구입 | F16: 2층교무실 | G16: 1 | H16: 442370 | I16: 442370 | J16: 6 | K16: 행정실무사
A17: 43212105-20704676 | B17: 레이저프린터 | C17: 정원엔시스템, Hart-2612MW | D17: 2002.03.25 | E17: 자체구입 | F17: 2학년교무실 | G17: 1 | H17: 499000 | I17: 499000 | J17: 5
A18: 43212105-20523512 | B18: 레이저프린터 | C18: 한국후지제록스, DocuPrint 305, A3/흑백, 30ppm | D18: 2006.05.08 | E18: 조달구입 | F18: 2학년교무실 | G18: 1 | H18: 1193500 | I18: 1193500 | J18: 5
A19: 44101503-21171456 | B19: 다기능복사기 | C19: 한국후지제록스, CN/DCII 3005, 복사기능기본+네트웍프린터KIT+RADF/자동원고이송장치추가장착, 흑백 | D19: 2008.07.25 | E19: 자체구입 | F19: 2학년교무실 | G19: 1 | H19: 4667400 | I19: 4667400 | J19: 5
A20: 43212105-22449325 | B20: 레이저프린터 | C20: Kyocera document solutions, CN/FS-4100DNG, 흑백/45ppm | D20: 2014.01.20 | E20: 조달구입 | F20: 2학년교무실 | G20: 1 | H20: 631780 | I20: 631780 | J20: 5
A21: 44101501-22674347 | B21: 복사기 | C21: Kyocera document solutios, CN/TASKalfa3010iG, 흑백30cpm | D21: 2016.08.24 | E21: 조달구입 | F21: 2학년교무실 | G21: 1 | H21: 2490970 | I21: 2490970 | J21: 6
A22: 43212105-20704676 | B22: 레이저프린터 | C22: 정원엔시스템, Hart-2612MW | D22: 2002.06.22 | E22: 조달구입 | F22: 3학년교무실 | G22: 2 | H22: 568700 | I22: 1137400 | J22: 5
A23: 43212105-20704694 | B23: 레이저프린터 | C23: Kodak, JP/Kodak XLS 8600 Color Printer, A4 | D23: 2002.06.22 | E23: 조달구입 | F23: 3학년교무실 | G23: 2 | H23: 295900 | I23: 591800 | J23: 5
A24: 43212105-20704676 | B24: 레이저프린터 | C24: 정원엔시스템, Hart-2612MW | D24: 2003.10.16 | E24: 자체구입 | F24: 3학년교무실 | G24: 1 | H24: 1090430 | I24: 1090430 | J24: 5
A25: 43212105-20704676 | B25: 레이저프린터 | C25: 정원엔시스템, Hart-2612MW | D25: 2005.03.11 | E25: 조달구입 | F25: 3학년교무실 | G25: 2 | H25: 962500 | I25: 1925000 | J25: 5
A26: 44101501-20838515 | B26: 복사기 | C26: 한국후지제록스, DCIIC 3000G, 디지털(흑백/컬러겸용) | D26: 2008.02.05 | E26: 자체구입 | F26: 3학년교무실 | G26: 1 | H26: 2820000 | I26: 2820000 | J26: 4
A27: 44101503-20427057 | B27: 다기능복사기 | C27: (옵션)한국후지제록스, Network printer kit, DCC320/400용 | D27: 2008.02.05 | E27: 분류전환+ | F27: 3학년교무실 | G27: 1 | H27: 757000 | I27: 757000 | J27: 5
A28: 44101503-20427087 | B28: 다기능복사기 | C28: (옵션)한국후지제록스, ADF, 자동원고송고장치 | D28: 2008.02.05 | E28: 분류전환+ | F28: 3학년교무실 | G28: 1 | H28: 757000 | I28: 757000 | J28: 5
A29: 44101501-22032178 | B29: 복사기 | C29: 신도리코, N607, 모노 42매, 컬러스캔가능 | D29: 2012.08.23 | E29: 조달구입 | F29: 3학년교무실 | G29: 1 | H29: 4125150 | I29: 4125150 | J29: 5 | K29: 구행정실
A30: 43212105-21727786 | B30: 레이저프린터 | C30: Kyoceramita, CN/FS-6975DNG, A3/흑백 35ppm | D30: 2014.01.20 | E30: 조달구입 | F30: 3학년교무실 | G30: 1 | H30: 775500 | I30: 775500 | J30: 5
A31: 43212105-22449325 | B31: 레이저프린터 | C31: Kyocera document solutions, CN/FS-4100DNG, 흑백/45ppm | D31: 2014.01.20 | E31: 조달구입 | F31: 3학년교무실 | G31: 1 | H31: 631780 | I31: 631780 | J31: 5
A32: 44101501-20498947 | B32: 복사기 | C32: 신도리코, Aficio 2032, 디지털복합기겸용, 흑백 | D32: 2005.03.10 | E32: 조달구입 | F32: 3학년상담실 | G32: 1 | H32: 4235000 | I32: 4235000 | J32: 5
A33: 43212105-20704676 | B33: 레이저프린터 | C33: 정원엔시스템, Hart-2612MW | D33: 2005.04.06 | E33: 조달구입 | F33: 가사실 | G33: 1 | H33: 660000 | I33: 660000 | J33: 5
A34: 43212104-21112991 | B34: 잉크젯프린터 | C34: 잉크젯프린터, 한국HP, K5400DN, A4/컬러, 35/36ppm | D34: 2009.12.21 | E34: 조달구입 | F34: 과학과 | G34: 1 | H34: 400000 | I34: 400000 | J34: 5
A35: 43212105-21084844 | B35: 레이저프린터 | C35: 한국후지제록스, CN/DocuPrint 3055, A3/흑백, 35ppm | D35: 2009.12.21 | E35: 조달구입 | F35: 과학과 | G35: 1 | H35: 780000 | I35: 780000 | J35: 5
A36: 44101501-22032177 | B36: 복사기 | C36: 신도리코, N606, 모노 36매, 컬러스캔가능 | D36: 2013.03.07 | E36: 조달구입 | F36: 과학과 | G36: 1 | H36: 3099360 | I36: 3099360 | J36: 5
A37: 43212104-21788706 | B37: 잉크젯프린터 | C37: 잉크젯프린터, Epson, JP/B-310N, A4 37ppm | D37: 2014.06.02 | E37: 자체구입 | F37: 과학과 | G37: 1 | H37: 261400 | I37: 261400 | J37: 5
A38: 43212105-20523596 | B38: 레이저프린터 | C38: 한국후지제록스, DPC2428, A3/컬러, 24/24ppm | D38: 2003.09.08 | E38: 자체구입 | F38: 과학실 | G38: 1 | H38: 303930 | I38: 303930 | J38: 5
A39: 43212105-20704676 | B39: 레이저프린터 | C39: 정원엔시스템, Hart-2612MW | D39: 2003.09.08 | E39: 조달구입 | F39: 과학실 | G39: 1 | H39: 786500 | I39: 786500 | J39: 5
A40: 43212105-20704676 | B40: 레이저프린터 | C40: 정원엔시스템, Hart-2612MW | D40: 2005.05.12 | E40: 조달구입 | F40: 과학실 | G40: 1 | H40: 3920400 | I40: 3920400 | J40: 5
A41: 44101501-20990653 | B41: 복사기 | C41: 한국후지제록스, JP/DCII 2055G | D41: 2007.07.10 | E41: 자체구입 | F41: 교육과정부 | G41: 1 | H41: 2772000 | I41: 2772000 | J41: 4
... A70: 43212105-21525085 | B70: 레이저프린터 | C70: 한국후지제록스, CN/DocuPrint 3055K, A3/흑백, 35ppm, 급지장치 550매 Tray 기본형 | D70: 2011.09.29 | E70: 조달구입 | F70: 진로상담부 | G70: 1 | H70: 1105340 | I70: 1105340 | J70: 5
A71: 43212105-22449325 | B71: 레이저프린터 | C71: Kyocera document solutions, CN/FS-4100DNG, 흑백/45ppm | D71: 2014.01.20 | E71: 조달구입 | F71: 진로상담부 | G71: 1 | H71: 631780 | I71: 631780 | J71: 5 | K71: 구 교육과정부
A72: 43212105-20704676 | B72: 레이저프린터 | C72: 정원엔시스템, Hart-2612MW | D72: 2005.07.14 | E72: 자체구입 | F72: 체육과 | G72: 1 | H72: 374000 | I72: 374000 | J72: 5
A73: 43212110-21566882 | B73: 다기능프린터 | C73: Fuji xerox, DocuPrint-C1190FS, 컬러레이저 | D73: 2013.01.09 | E73: 자체구입 | F73: 컴퓨터실1 | G73: 1 | H73: 197430 | I73: 197430 | J73: 5
A74: 43212105-20704676 | B74: 레이저프린터 | C74: 정원엔시스템, Hart-2612MW | D74: 2002.09.27 | E74: 조달구입 | F74: 컴퓨터실2(5층) | G74: 2 | H74: 567050 | I74: 1134100 | J74: 5
A75: 43212105-20505550 | B75: 레이저프린터 | C75: 한국후지제록스, DocuPrint 255, A3, 25ppm | D75: 2006.05.30 | E75: 조달구입 | F75: 학생자치부 | G75: 1 | H75: 880000 | I75: 880000 | J75: 5
A76: 44101503-21537499 | B76: 다기능복사기 | C76: 신도리코, CN/MF 5550, 흑백, A4, 53매,레터 55매/min, 컬러스캔가능 | D76: 2010.02.26 | E76: 조달구입 | F76: 학생자치부 | G76: 1 | H76: 2475000 | I76: 2475000 | J76: 5
A77: 43212105-20523512 | B77: 레이저프린터 | C77: 한국후지제록스, DocuPrint 305, A3/흑백, 30ppm | D77: 2010.03.06 | E77: 조달구입 | F77: 학생자치부 | G77: 1 | H77: 817300 | I77: 817300 | J77: 5
A78: 44101501-22054843 | B78: 복사기 | C78: 한국후지제록스, CN/DocuCentre-III 3007G(DADF기본형) 흑백 30매디지털복사기 | D78: 2011.06.27 | E78: 조달구입 | F78: 학생자치부 | G78: 1 | H78: 2999440 | I78: 2999440 | J78: 4
A79: 43212105-22147395 | B79: 레이저프린터 | C79: Fuji Xerox, CN/DocuPrint C5005d, A3/컬러50흑백55ppm | D79: 2017.02.14 | E79: 조달구입 | F79: 학생자치부 | G79: 1 | H79: 2919680 | I79: 2919680 | J79: 5
A80: 43212105-21331599 | B80: 레이저프린터 | C80: HP, US/CP1215, A4/컬러, 8/12ppm | D80: 2009.03.17 | E80: 자체구입 | F80: 학습도움반 | G80: 1 | H80: 380000 | I80: 380000 | J80: 5
A81: 43212104-20634275 | B81: 잉크젯프린터 | C81: 잉크젯프린터, 한국HP, Business InkJet 2800, A3/컬러, 24/21ppm | D81: 2010.02.22 | E81: 조달구입 | F81: 학습도움반 | G81: 1 | H81: 381700 | I81: 381700 | J81: 5
A82: 44101503-21537499 | B82: 다기능복사기 | C82: 신도리코, CN/MF 5550, 흑백, A4, 53매,레터 55매/min, 컬러스캔가능 | D82: 2010.02.22 | E82: 조달구입 | F82: 학습도움반 | G82: 1 | H82: 2475000 | I82: 2475000 | J82: 5
A83: 44101501-21439381 | B83: 복사기 | C83: 한국후지제록스, CN/DCIII 3007G, 고급형디지털복사기 | D83: 2010.05.19 | E83: 조달구입 | F83: 학습도움반 | G83: 1 | H83: 2896000 | I83: 2896000 | J83: 5
... A94: 43212105-23060005 | B94: 레이저프린터 | C94: Kyocera document solutions, CN/ECOSYS P7040cdnG, A4/컬러40/흑백40ppm | D94: 2019.03.05 | E94: 조달구입 | F94: 행정실 | G94: 1 | H94: 1404540 | I94: 1404540 | J94: 6
A101: 20191224-0816
A102: 20191224-0815
A103: 20191224-0814
A104: 20191224-0813
A105: 20191224-0812
A106: 20191224-0811
A107: 20191224-0810
A108: 20191224-0809
